mtllib material.mtl
usemtl material_0
v -0.00004004 -0.00000211 0.00000556
v -0.00003420 -0.00000228 0.00000298
v -0.00003967 -0.00000198 0.00000503
v -0.00003411 -0.00000274 0.00000340
v -0.00003394 -0.00000234 0.00000391
v -0.00003947 -0.00000203 0.00000595
v -0.00002519 -0.00000303 0.00000061
v -0.00002507 -0.00000255 0.00000113
v -0.00002149 -0.00000318 0.00000025
v -0.00002159 -0.00000313 -0.00000051
v -0.00002042 -0.00000372 -0.00000035
v -0.00001990 -0.00000425 -0.00000003
v -0.00002003 -0.00000357 0.00000010
v -0.00003428 -0.00000579 0.00000295
v -0.00003975 -0.00000484 0.00000505
v -0.00003977 -0.00000536 0.00000504
v -0.00003426 -0.00000496 0.00000296
v -0.00002528 -0.00000545 0.00000018
v -0.00003414 -0.00000451 0.00000339
v -0.00002520 -0.00000494 0.00000061
v -0.00002159 -0.00000518 -0.00000051
v -0.00002526 -0.00000639 0.00000018
v -0.00002145 -0.00000613 -0.00000059
v -0.00002518 -0.00000690 0.00000060
v -0.00003418 -0.00000625 0.00000337
v -0.00001975 -0.00000681 -0.00000086
v -0.00001853 -0.00000616 -0.00000100
v -0.00001970 -0.00000735 -0.00000043
v -0.00001721 -0.00000683 -0.00000114
v -0.00001718 -0.00000741 -0.00000070
v -0.00001467 -0.00000652 -0.00000122
v -0.00001468 -0.00000707 -0.00000079
v -0.00001232 -0.00000604 -0.00000055
v -0.00001467 -0.00000502 -0.00000119
v -0.00001227 -0.00000555 -0.00000098
v -0.00001718 -0.00000527 -0.00000111
v -0.00001030 -0.00000424 -0.00000044
v -0.00001040 -0.00000464 -0.00000002
v -0.00001033 -0.00000327 -0.00000041
v -0.00000875 -0.00000312 0.00000025
v -0.00001228 -0.00000427 -0.00000095
v -0.00001467 -0.00000303 -0.00000119
v -0.00001228 -0.00000258 -0.00000095
v -0.00000878 -0.00000241 0.00000028
v -0.00001033 -0.00000197 -0.00000041
v -0.00000721 -0.00000174 0.00000103
v -0.00000719 -0.00000226 0.00000100
v -0.00000878 -0.00000145 0.00000028
v -0.00001033 -0.00000066 -0.00000041
v -0.00000541 -0.00000127 0.00000180
v -0.00000539 -0.00000165 0.00000178
v -0.00000335 -0.00000133 0.00000249
v -0.00000336 -0.00000102 0.00000252
v -0.00000106 -0.00000117 0.00000297
v -0.00000107 -0.00000090 0.00000300
v 0.00000141 -0.00000112 0.00000314
v 0.00000141 -0.00000086 0.00000317
v 0.00000506 -0.00000117 0.00000290
v -0.00000721 -0.00000105 0.00000103
v -0.00000541 -0.00000077 0.00000180
v -0.00000336 -0.00000062 0.00000252
v -0.00000107 -0.00000054 0.00000301
v 0.00000141 -0.00000052 0.00000317
v 0.00000506 -0.00000089 0.00000293
v -0.00000878 -0.00000048 0.00000028
v -0.00000721 -0.00000035 0.00000103
v -0.00000541 -0.00000026 0.00000180
v -0.00000541 0.00000026 0.00000180
v -0.00000336 -0.00000021 0.00000252
v -0.00000878 0.00000048 0.00000028
v 0.00001132 -0.00000106 0.00000223
v 0.00001132 -0.00000138 0.00000219
v -0.00000107 -0.00000018 0.00000301
v -0.00000107 0.00000018 0.00000301
v 0.00000141 -0.00000017 0.00000317
v 0.00000506 -0.00000054 0.00000293
v -0.00000721 0.00000035 0.00000103
v 0.00001911 -0.00000197 0.00000140
v 0.00001135 -0.00000169 0.00000258
v 0.00001912 -0.00000232 0.00000177
v 0.00001132 -0.00000064 0.00000223
v 0.00002553 -0.00000257 0.00000091
v 0.00002553 -0.00000298 0.00000124
v 0.00002952 -0.00000322 0.00000097
v 0.00001912 -0.00000151 0.00000147
v 0.00001912 -0.00000091 0.00000150
v 0.00002555 -0.00000198 0.00000104
v 0.00002954 -0.00000214 0.00000082
v 0.00002952 -0.00000278 0.00000066
v 0.00003497 -0.00000316 0.00000038
v 0.00003495 -0.00000361 0.00000070
v 0.00004331 -0.00000430 0.00000036
v 0.00002556 -0.00000119 0.00000111
v 0.00004335 -0.00000382 0.00000003
v 0.00004957 -0.00000464 0.00000016
v 0.00001912 -0.00000031 0.00000152
v 0.00002556 -0.00000040 0.00000116
v 0.00002956 -0.00000129 0.00000091
v 0.00001133 -0.00000021 0.00000223
v 0.00000506 -0.00000018 0.00000293
v 0.00001133 0.00000021 0.00000223
v 0.00000141 0.00000017 0.00000317
v 0.00000506 0.00000018 0.00000293
v 0.00000506 0.00000054 0.00000293
v 0.00000141 0.00000052 0.00000317
v 0.00002556 0.00000040 0.00000116
v 0.00001912 0.00000030 0.00000152
v 0.00001132 0.00000064 0.00000223
v 0.00000506 0.00000089 0.00000293
v 0.00002957 -0.00000043 0.00000099
v 0.00002556 0.00000119 0.00000111
v 0.00001912 0.00000091 0.00000150
v 0.00002957 0.00000043 0.00000099
v 0.00003507 -0.00000049 0.00000071
v 0.00003507 0.00000049 0.00000071
v 0.00003505 -0.00000147 0.00000064
v 0.00003501 -0.00000243 0.00000054
v 0.00004345 -0.00000294 0.00000020
v 0.00001912 0.00000151 0.00000147
v 0.00002555 0.00000198 0.00000104
v 0.00002956 0.00000129 0.00000091
v 0.00001132 0.00000106 0.00000223
v 0.00003505 0.00000147 0.00000064
v 0.00001911 0.00000197 0.00000140
v 0.00000506 0.00000117 0.00000290
v 0.00001132 0.00000138 0.00000219
v 0.00000141 0.00000112 0.00000314
v 0.00001912 0.00000232 0.00000177
v 0.00001135 0.00000169 0.00000258
v 0.00002553 0.00000298 0.00000124
v 0.00002553 0.00000257 0.00000091
v 0.00002954 0.00000214 0.00000082
v 0.00002952 0.00000278 0.00000066
v 0.00002952 0.00000322 0.00000097
v 0.00003496 0.00000361 0.00000070
v 0.00003497 0.00000316 0.00000038
v 0.00004333 0.00000430 0.00000036
v 0.00003502 0.00000243 0.00000054
v 0.00004336 0.00000382 0.00000004
v 0.00004958 0.00000464 0.00000016
v 0.00004346 0.00000294 0.00000020
v 0.00004354 0.00000178 0.00000030
v 0.00004358 0.00000059 0.00000037
v 0.00004358 -0.00000059 0.00000037
v 0.00004994 0.00000064 0.00000011
v 0.00004988 0.00000193 0.00000005
v 0.00004975 0.00000320 -0.00000004
v 0.00004962 0.00000415 -0.00000018
v 0.00005321 0.00000350 -0.00000030
v 0.00005325 0.00000392 0.00000007
v 0.00005336 0.00000270 -0.00000021
v 0.00005350 0.00000163 -0.00000015
v 0.00005596 0.00000172 -0.00000037
v 0.00005553 0.00000240 -0.00000038
v 0.00005357 0.00000054 -0.00000012
v 0.00005688 0.00000133 0.00000001
v 0.00005592 0.00000242 0.00000001
v 0.00005704 0.00000076 0.00000002
v 0.00005612 0.00000103 -0.00000035
v 0.00005709 0.00000025 0.00000002
v 0.00005618 0.00000034 -0.00000034
v 0.00005709 -0.00000025 0.00000002
v 0.00004994 -0.00000064 0.00000011
v 0.00005617 -0.00000034 -0.00000034
v 0.00005704 -0.00000076 0.00000001
v 0.00005356 -0.00000054 -0.00000012
v 0.00005611 -0.00000103 -0.00000035
v 0.00005687 -0.00000133 0.00000001
v 0.00004987 -0.00000193 0.00000005
v 0.00005349 -0.00000163 -0.00000015
v 0.00004353 -0.00000178 0.00000030
v 0.00004974 -0.00000320 -0.00000004
v 0.00005335 -0.00000270 -0.00000021
v 0.00004960 -0.00000415 -0.00000019
v 0.00005320 -0.00000350 -0.00000030
v 0.00005323 -0.00000392 0.00000007
v 0.00005595 -0.00000172 -0.00000037
v 0.00005551 -0.00000240 -0.00000038
v 0.00005590 -0.00000242 0.00000001
v 0.00005592 0.00000242 0.00000001
v 0.00005321 0.00000350 -0.00000030
v 0.00005553 0.00000240 -0.00000038
v 0.00005325 0.00000392 0.00000007
v 0.00005574 0.00000264 0.00000051
v 0.00005688 0.00000133 0.00000001
v 0.00005613 0.00000185 0.00000057
v 0.00005336 0.00000377 0.00000062
v 0.00004967 0.00000442 0.00000074
v 0.00004958 0.00000464 0.00000016
v 0.00004338 0.00000413 0.00000095
v 0.00004333 0.00000430 0.00000036
v 0.00003496 0.00000361 0.00000070
v 0.00003499 0.00000351 0.00000128
v 0.00002956 0.00000315 0.00000155
v 0.00002952 0.00000322 0.00000097
v 0.00002553 0.00000298 0.00000124
v 0.00002557 0.00000292 0.00000181
v 0.00001912 0.00000232 0.00000177
v 0.00001916 0.00000229 0.00000231
v 0.00001140 0.00000170 0.00000311
v 0.00001135 0.00000169 0.00000258
v 0.00000508 0.00000147 0.00000328
v 0.00000512 0.00000150 0.00000380
v 0.00000141 0.00000143 0.00000352
v 0.00000140 0.00000146 0.00000404
v -0.00000118 0.00000150 0.00000387
v 0.00000506 0.00000117 0.00000290
v 0.00001132 0.00000138 0.00000219
v 0.00000141 0.00000112 0.00000314
v -0.00000106 0.00000117 0.00000297
v -0.00000111 0.00000148 0.00000336
v -0.00000357 0.00000163 0.00000338
v -0.00000344 0.00000163 0.00000287
v -0.00000335 0.00000133 0.00000249
v -0.00000568 0.00000191 0.00000266
v -0.00000539 0.00000165 0.00000178
v -0.00000550 0.00000195 0.00000217
v -0.00000751 0.00000246 0.00000189
v -0.00000719 0.00000226 0.00000100
v -0.00000731 0.00000256 0.00000140
v -0.00000875 0.00000312 0.00000025
v -0.00000908 0.00000327 0.00000114
v -0.00000887 0.00000346 0.00000066
v -0.00001030 0.00000424 -0.00000044
v -0.00001040 0.00000464 -0.00000002
v -0.00001057 0.00000435 0.00000048
v -0.00001241 0.00000563 -0.00000003
v -0.00001232 0.00000604 -0.00000055
v -0.00001468 0.00000707 -0.00000079
v -0.00001469 0.00000658 -0.00000026
v -0.00001714 0.00000689 -0.00000018
v -0.00001718 0.00000741 -0.00000070
v -0.00001954 0.00000686 0.00000008
v -0.00001962 0.00000735 -0.00000044
v -0.00002485 0.00000635 0.00000111
v -0.00002497 0.00000682 0.00000061
v -0.00003381 0.00000615 0.00000346
v -0.00003366 0.00000573 0.00000396
v -0.00003910 0.00000537 0.00000610
v -0.00003967 0.00000549 0.00000575
v -0.00003394 0.00000570 0.00000304
v -0.00003935 0.00000536 0.00000519
v 0.00000506 -0.00000117 0.00000290
v 0.00001135 -0.00000169 0.00000258
v 0.00001132 -0.00000138 0.00000219
v 0.00000508 -0.00000147 0.00000328
v 0.00000141 -0.00000143 0.00000352
v 0.00000141 -0.00000112 0.00000314
v -0.00000111 -0.00000148 0.00000336
v -0.00000106 -0.00000117 0.00000297
v -0.00000335 -0.00000133 0.00000249
v 0.00001140 -0.00000170 0.00000311
v 0.00001912 -0.00000232 0.00000177
v 0.00000512 -0.00000150 0.00000380
v 0.00001916 -0.00000229 0.00000231
v 0.00000140 -0.00000146 0.00000404
v 0.00002557 -0.00000292 0.00000181
v 0.00002553 -0.00000298 0.00000124
v 0.00002952 -0.00000322 0.00000097
v 0.00002956 -0.00000315 0.00000155
v 0.00003499 -0.00000351 0.00000128
v 0.00003495 -0.00000361 0.00000070
v 0.00004337 -0.00000413 0.00000095
v 0.00004331 -0.00000430 0.00000036
v 0.00004957 -0.00000464 0.00000016
v 0.00004965 -0.00000443 0.00000074
v 0.00005334 -0.00000377 0.00000061
v -0.00000118 -0.00000150 0.00000387
v 0.00005323 -0.00000392 0.00000007
v -0.00000344 -0.00000163 0.00000287
v -0.00000357 -0.00000163 0.00000338
v -0.00000568 -0.00000191 0.00000266
v -0.00000550 -0.00000195 0.00000217
v -0.00000539 -0.00000165 0.00000178
v -0.00000731 -0.00000256 0.00000140
v -0.00000751 -0.00000246 0.00000189
v -0.00000719 -0.00000226 0.00000100
v -0.00000887 -0.00000346 0.00000066
v -0.00000875 -0.00000312 0.00000025
v -0.00001030 -0.00000424 -0.00000044
v -0.00000908 -0.00000327 0.00000114
v -0.00001040 -0.00000464 -0.00000002
v -0.00001057 -0.00000435 0.00000048
v -0.00001232 -0.00000604 -0.00000055
v -0.00001241 -0.00000563 -0.00000003
v -0.00001468 -0.00000707 -0.00000079
v -0.00001469 -0.00000658 -0.00000026
v -0.00001718 -0.00000741 -0.00000070
v -0.00001714 -0.00000689 -0.00000018
v -0.00001962 -0.00000686 0.00000009
v -0.00001970 -0.00000735 -0.00000043
v -0.00002518 -0.00000690 0.00000060
v -0.00002505 -0.00000644 0.00000111
v -0.00003418 -0.00000625 0.00000337
v -0.00003401 -0.00000585 0.00000388
v -0.00004010 -0.00000550 0.00000559
v -0.00003953 -0.00000541 0.00000595
v -0.00003428 -0.00000579 0.00000295
v -0.00003977 -0.00000536 0.00000504
v -0.00001988 0.00000425 -0.00000003
v -0.00002041 0.00000372 -0.00000035
v -0.00001994 0.00000425 -0.00000080
v -0.00002034 0.00000471 -0.00000036
v -0.00003983 0.00000216 0.00000567
v -0.00003986 0.00000134 0.00000566
v -0.00003952 0.00000150 0.00000512
v -0.00003950 0.00000202 0.00000512
v 0.00005551 -0.00000240 -0.00000038
v 0.00005320 -0.00000350 -0.00000030
v 0.00005590 -0.00000242 0.00000001
v 0.00005573 -0.00000264 0.00000051
v 0.00005687 -0.00000133 0.00000001
v 0.00005612 -0.00000185 0.00000057
v -0.00003410 0.00000218 0.00000302
v -0.00003950 0.00000202 0.00000512
v -0.00003952 0.00000150 0.00000512
v -0.00003411 0.00000136 0.00000301
v -0.00002526 0.00000146 0.00000019
v -0.00003401 0.00000090 0.00000344
v -0.00002517 0.00000093 0.00000062
v -0.00002159 0.00000101 -0.00000051
v -0.00002525 0.00000241 0.00000020
v -0.00002517 0.00000294 0.00000063
v -0.00003398 0.00000263 0.00000345
v -0.00002159 0.00000311 -0.00000051
v -0.00002155 0.00000206 -0.00000057
v -0.00002061 0.00000140 -0.00000076
v -0.00002012 0.00000069 -0.00000085
v -0.00002041 0.00000049 -0.00000035
v -0.00001996 -0.00000000 -0.00000079
v -0.00001968 0.00000106 -0.00000089
v -0.00001966 0.00000212 -0.00000087
v -0.00001843 0.00000213 -0.00000100
v -0.00002061 0.00000279 -0.00000076
v -0.00001968 0.00000319 -0.00000089
v -0.00001886 0.00000319 -0.00000096
v -0.00002012 0.00000354 -0.00000085
v -0.00002041 0.00000372 -0.00000035
v -0.00001994 0.00000425 -0.00000080
v -0.00001941 0.00000426 -0.00000093
v -0.00001963 0.00000528 -0.00000089
v -0.00001840 0.00000426 -0.00000101
v -0.00002005 0.00000493 -0.00000085
v -0.00002034 0.00000471 -0.00000036
v -0.00002146 0.00000516 -0.00000052
v -0.00001885 0.00000529 -0.00000096
v -0.00001851 0.00000616 -0.00000100
v -0.00001718 0.00000318 -0.00000111
v -0.00001718 0.00000527 -0.00000111
v -0.00002050 0.00000558 -0.00000077
v -0.00001960 0.00000597 -0.00000088
v -0.00002131 0.00000612 -0.00000060
v -0.00002509 0.00000538 0.00000018
v -0.00002501 0.00000485 0.00000060
v -0.00003385 0.00000441 0.00000345
v -0.00003396 0.00000487 0.00000303
v -0.00003394 0.00000570 0.00000304
v -0.00003937 0.00000484 0.00000518
v -0.00003935 0.00000536 0.00000519
v -0.00002506 0.00000632 0.00000018
v -0.00001967 0.00000681 -0.00000087
v -0.00002497 0.00000682 0.00000061
v -0.00003381 0.00000615 0.00000346
v -0.00001962 0.00000735 -0.00000044
v -0.00001718 0.00000741 -0.00000070
v -0.00001721 0.00000683 -0.00000114
v -0.00001468 0.00000707 -0.00000079
v -0.00001467 0.00000502 -0.00000119
v -0.00001467 0.00000652 -0.00000122
v -0.00001227 0.00000555 -0.00000098
v -0.00001232 0.00000604 -0.00000055
v -0.00001467 0.00000303 -0.00000119
v -0.00001228 0.00000427 -0.00000095
v -0.00001030 0.00000424 -0.00000044
v -0.00001040 0.00000464 -0.00000002
v -0.00001467 0.00000101 -0.00000119
v -0.00001718 0.00000106 -0.00000111
v -0.00001841 -0.00000000 -0.00000101
v -0.00001718 -0.00000106 -0.00000111
v -0.00001843 -0.00000213 -0.00000100
v -0.00001718 -0.00000318 -0.00000111
v -0.00001886 0.00000106 -0.00000096
v -0.00001942 -0.00000000 -0.00000093
v -0.00001968 -0.00000106 -0.00000089
v -0.00002012 -0.00000070 -0.00000085
v -0.00002042 -0.00000050 -0.00000035
v -0.00002159 -0.00000104 -0.00000051
v -0.00001886 -0.00000106 -0.00000096
v -0.00001467 -0.00000101 -0.00000119
v -0.00002061 -0.00000141 -0.00000076
v -0.00001966 -0.00000212 -0.00000087
v -0.00002155 -0.00000209 -0.00000057
v -0.00002527 -0.00000155 0.00000019
v -0.00002518 -0.00000103 0.00000062
v -0.00003418 -0.00000145 0.00000299
v -0.00003407 -0.00000100 0.00000342
v -0.00002527 -0.00000250 0.00000019
v -0.00002061 -0.00000280 -0.00000076
v -0.00001968 -0.00000319 -0.00000089
v -0.00002159 -0.00000313 -0.00000051
v -0.00002012 -0.00000354 -0.00000085
v -0.00002042 -0.00000372 -0.00000035
v -0.00002519 -0.00000303 0.00000061
v -0.00003411 -0.00000274 0.00000340
v -0.00003420 -0.00000228 0.00000298
v -0.00003967 -0.00000198 0.00000503
v -0.00003965 -0.00000146 0.00000504
v -0.00001996 -0.00000425 -0.00000079
v -0.00001886 -0.00000319 -0.00000096
v -0.00001942 -0.00000426 -0.00000093
v -0.00001841 -0.00000426 -0.00000101
v -0.00002012 -0.00000493 -0.00000085
v -0.00002042 -0.00000471 -0.00000035
v -0.00001968 -0.00000527 -0.00000089
v -0.00001886 -0.00000529 -0.00000096
v -0.00001228 -0.00000086 -0.00000095
v -0.00002061 -0.00000558 -0.00000076
v -0.00001966 -0.00000597 -0.00000087
v -0.00001228 0.00000086 -0.00000095
v -0.00001033 0.00000066 -0.00000041
v -0.00001033 0.00000197 -0.00000041
v -0.00001228 0.00000258 -0.00000095
v -0.00000878 0.00000145 0.00000028
v -0.00001033 0.00000327 -0.00000041
v -0.00000878 0.00000241 0.00000028
v -0.00000875 0.00000312 0.00000025
v -0.00000721 0.00000105 0.00000103
v -0.00000721 0.00000174 0.00000103
v -0.00000719 0.00000226 0.00000100
v -0.00000539 0.00000165 0.00000178
v -0.00000541 0.00000077 0.00000180
v -0.00000541 0.00000127 0.00000180
v -0.00000336 0.00000102 0.00000252
v -0.00000335 0.00000133 0.00000249
v -0.00000107 0.00000090 0.00000300
v -0.00000106 0.00000117 0.00000297
v -0.00000336 0.00000062 0.00000252
v 0.00000141 0.00000086 0.00000317
v -0.00000107 0.00000054 0.00000301
v -0.00000336 0.00000021 0.00000252
v -0.00003407 -0.00000100 0.00000342
v -0.00003965 -0.00000146 0.00000504
v -0.00003418 -0.00000145 0.00000299
v -0.00004001 -0.00000129 0.00000557
v -0.00003945 -0.00000145 0.00000596
v -0.00003392 -0.00000142 0.00000392
v -0.00002507 -0.00000151 0.00000113
v -0.00002518 -0.00000103 0.00000062
v -0.00002149 -0.00000099 0.00000025
v -0.00002159 -0.00000104 -0.00000051
v -0.00002042 -0.00000050 -0.00000035
v -0.00001990 -0.00000000 -0.00000003
v -0.00002003 -0.00000066 0.00000010
v -0.00003414 -0.00000451 0.00000339
v -0.00003975 -0.00000484 0.00000505
v -0.00003426 -0.00000496 0.00000296
v -0.00004007 -0.00000467 0.00000560
v -0.00003950 -0.00000483 0.00000596
v -0.00003398 -0.00000493 0.00000388
v -0.00002507 -0.00000542 0.00000112
v -0.00002520 -0.00000494 0.00000061
v -0.00002149 -0.00000513 0.00000025
v -0.00002159 -0.00000518 -0.00000051
v -0.00002042 -0.00000471 -0.00000035
v -0.00001990 -0.00000425 -0.00000003
v -0.00002003 -0.00000489 0.00000009
v -0.00003967 0.00000549 0.00000575
v -0.00003970 0.00000467 0.00000573
v -0.00003937 0.00000484 0.00000518
v -0.00003935 0.00000536 0.00000519
v -0.00003970 0.00000467 0.00000573
v -0.00003396 0.00000487 0.00000303
v -0.00003937 0.00000484 0.00000518
v -0.00003385 0.00000441 0.00000345
v -0.00003367 0.00000481 0.00000395
v -0.00003912 0.00000479 0.00000609
v -0.00002488 0.00000533 0.00000112
v -0.00002501 0.00000485 0.00000060
v -0.00002135 0.00000511 0.00000024
v -0.00002146 0.00000516 -0.00000052
v -0.00002034 0.00000471 -0.00000036
v -0.00001988 0.00000425 -0.00000003
v -0.00001997 0.00000489 0.00000009
v -0.00003975 -0.00000484 0.00000505
v -0.00004007 -0.00000467 0.00000560
v -0.00004010 -0.00000550 0.00000559
v -0.00003977 -0.00000536 0.00000504
v -0.00003952 0.00000150 0.00000512
v -0.00003401 0.00000090 0.00000344
v -0.00003411 0.00000136 0.00000301
v -0.00003986 0.00000134 0.00000566
v -0.00003929 0.00000145 0.00000603
v -0.00003384 0.00000130 0.00000394
v -0.00002505 0.00000141 0.00000113
v -0.00002517 0.00000093 0.00000062
v -0.00002148 0.00000097 0.00000025
v -0.00002159 0.00000101 -0.00000051
v -0.00002041 0.00000049 -0.00000035
v -0.00001990 -0.00000000 -0.00000003
v -0.00002003 0.00000066 0.00000010
v -0.00003983 0.00000216 0.00000567
v -0.00003929 0.00000145 0.00000603
v -0.00003986 0.00000134 0.00000566
v -0.00003927 0.00000203 0.00000604
v -0.00003382 0.00000222 0.00000395
v -0.00003384 0.00000130 0.00000394
v -0.00002505 0.00000245 0.00000114
v -0.00002505 0.00000141 0.00000113
v -0.00002141 0.00000206 0.00000042
v -0.00002148 0.00000315 0.00000026
v -0.00002148 0.00000097 0.00000025
v -0.00002050 0.00000283 0.00000023
v -0.00002003 0.00000357 0.00000010
v -0.00001959 0.00000321 0.00000011
v -0.00001988 0.00000425 -0.00000003
v -0.00001956 0.00000212 0.00000013
v -0.00001959 0.00000104 0.00000011
v -0.00001834 0.00000213 -0.00000000
v -0.00002049 0.00000136 0.00000023
v -0.00002003 0.00000066 0.00000010
v -0.00001877 0.00000105 0.00000003
v -0.00001934 -0.00000000 0.00000007
v -0.00001990 -0.00000000 -0.00000003
v -0.00001959 -0.00000104 0.00000011
v -0.00002003 -0.00000066 0.00000010
v -0.00002149 -0.00000099 0.00000025
v -0.00001833 -0.00000000 -0.00000001
v -0.00002050 -0.00000137 0.00000023
v -0.00002141 -0.00000209 0.00000042
v -0.00002507 -0.00000151 0.00000113
v -0.00001877 -0.00000106 0.00000003
v -0.00002507 -0.00000255 0.00000113
v -0.00003394 -0.00000234 0.00000391
v -0.00003392 -0.00000142 0.00000392
v -0.00003947 -0.00000203 0.00000595
v -0.00003945 -0.00000145 0.00000596
v -0.00004001 -0.00000129 0.00000557
v -0.00004004 -0.00000211 0.00000556
v -0.00002149 -0.00000318 0.00000025
v -0.00001834 -0.00000213 -0.00000000
v -0.00001712 -0.00000106 -0.00000011
v -0.00001956 -0.00000212 0.00000013
v -0.00001959 -0.00000321 0.00000011
v -0.00002050 -0.00000284 0.00000023
v -0.00002003 -0.00000357 0.00000010
v -0.00001712 0.00000106 -0.00000011
v -0.00001878 -0.00000320 0.00000003
v -0.00001833 -0.00000426 -0.00000001
v -0.00001934 -0.00000426 0.00000007
v -0.00001990 -0.00000425 -0.00000003
v -0.00001959 -0.00000525 0.00000011
v -0.00002003 -0.00000489 0.00000009
v -0.00002149 -0.00000513 0.00000025
v -0.00001712 -0.00000318 -0.00000011
v -0.00002049 -0.00000555 0.00000023
v -0.00002507 -0.00000542 0.00000112
v -0.00002129 -0.00000613 0.00000040
v -0.00002505 -0.00000644 0.00000111
v -0.00003401 -0.00000585 0.00000388
v -0.00003398 -0.00000493 0.00000388
v -0.00003950 -0.00000483 0.00000596
v -0.00003953 -0.00000541 0.00000595
v -0.00004010 -0.00000550 0.00000559
v -0.00004007 -0.00000467 0.00000560
v -0.00001962 -0.00000686 0.00000009
v -0.00001844 -0.00000619 -0.00000000
v -0.00001714 -0.00000689 -0.00000018
v -0.00001955 -0.00000597 0.00000013
v -0.00001877 -0.00000529 0.00000003
v -0.00001712 -0.00000529 -0.00000011
v -0.00001469 -0.00000658 -0.00000026
v -0.00001470 -0.00000505 -0.00000020
v -0.00001241 -0.00000563 -0.00000003
v -0.00001471 -0.00000303 -0.00000019
v -0.00001246 -0.00000430 0.00000003
v -0.00001057 -0.00000435 0.00000048
v -0.00001471 -0.00000101 -0.00000019
v -0.00001248 -0.00000258 0.00000003
v -0.00001065 -0.00000331 0.00000053
v -0.00000908 -0.00000327 0.00000114
v -0.00001471 0.00000101 -0.00000019
v -0.00001068 -0.00000197 0.00000053
v -0.00001712 0.00000318 -0.00000011
v -0.00001833 0.00000426 -0.00000001
v -0.00001877 0.00000320 0.00000003
v -0.00001933 0.00000426 0.00000007
v -0.00001954 0.00000525 0.00000010
v -0.00001997 0.00000489 0.00000009
v -0.00002038 0.00000554 0.00000021
v -0.00002115 0.00000611 0.00000039
v -0.00002135 0.00000511 0.00000024
v -0.00002488 0.00000533 0.00000112
v -0.00002485 0.00000635 0.00000111
v -0.00003366 0.00000573 0.00000396
v -0.00003367 0.00000481 0.00000395
v -0.00003912 0.00000479 0.00000609
v -0.00003910 0.00000537 0.00000610
v -0.00003967 0.00000549 0.00000575
v -0.00003970 0.00000467 0.00000573
v -0.00001954 0.00000686 0.00000008
v -0.00001841 0.00000619 -0.00000001
v -0.00001714 0.00000689 -0.00000018
v -0.00001949 0.00000597 0.00000012
v -0.00001876 0.00000529 0.00000003
v -0.00001712 0.00000529 -0.00000011
v -0.00001469 0.00000658 -0.00000026
v -0.00001470 0.00000504 -0.00000020
v -0.00001241 0.00000563 -0.00000003
v -0.00001471 0.00000303 -0.00000019
v -0.00001246 0.00000430 0.00000003
v -0.00001057 0.00000435 0.00000048
v -0.00001248 0.00000258 0.00000003
v -0.00001248 0.00000086 0.00000003
v -0.00001068 0.00000197 0.00000053
v -0.00001065 0.00000331 0.00000053
v -0.00000917 0.00000247 0.00000120
v -0.00000908 0.00000327 0.00000114
v -0.00000759 0.00000182 0.00000195
v -0.00000751 0.00000246 0.00000189
v -0.00000568 0.00000191 0.00000266
v -0.00000920 0.00000146 0.00000119
v -0.00001248 -0.00000086 0.00000003
v -0.00001068 -0.00000066 0.00000053
v -0.00001068 0.00000066 0.00000053
v -0.00000920 -0.00000146 0.00000119
v -0.00000920 -0.00000048 0.00000119
v -0.00000920 0.00000048 0.00000119
v -0.00000762 0.00000105 0.00000194
v -0.00000762 0.00000035 0.00000194
v -0.00000917 -0.00000247 0.00000120
v -0.00000762 -0.00000035 0.00000194
v -0.00000759 -0.00000182 0.00000195
v -0.00000751 -0.00000246 0.00000189
v -0.00000762 -0.00000105 0.00000194
v -0.00000575 -0.00000137 0.00000274
v -0.00000568 -0.00000191 0.00000266
v -0.00000357 -0.00000163 0.00000338
v -0.00000577 -0.00000077 0.00000274
v -0.00000577 -0.00000026 0.00000274
v -0.00000362 -0.00000114 0.00000348
v -0.00000118 -0.00000150 0.00000387
v -0.00000363 -0.00000062 0.00000348
v -0.00000364 -0.00000021 0.00000348
v -0.00000577 0.00000026 0.00000274
v -0.00000121 -0.00000055 0.00000400
v -0.00000120 -0.00000102 0.00000399
v -0.00000364 0.00000021 0.00000348
v -0.00000577 0.00000077 0.00000274
v 0.00000140 -0.00000099 0.00000417
v 0.00000140 -0.00000146 0.00000404
v 0.00000512 -0.00000150 0.00000380
v 0.00000140 -0.00000053 0.00000417
v -0.00000121 -0.00000018 0.00000400
v 0.00000513 -0.00000103 0.00000392
v 0.00001140 -0.00000170 0.00000311
v 0.00000140 -0.00000017 0.00000417
v 0.00000513 -0.00000055 0.00000393
v 0.00001142 -0.00000119 0.00000322
v 0.00001916 -0.00000229 0.00000231
v 0.00000513 -0.00000018 0.00000393
v -0.00000121 0.00000018 0.00000400
v 0.00001142 -0.00000066 0.00000323
v 0.00001919 -0.00000096 0.00000249
v 0.00001919 -0.00000167 0.00000246
v 0.00002557 -0.00000292 0.00000181
v 0.00002560 -0.00000217 0.00000202
v 0.00002959 -0.00000235 0.00000180
v 0.00002956 -0.00000315 0.00000155
v 0.00003499 -0.00000351 0.00000128
v 0.00001142 -0.00000022 0.00000323
v 0.00002561 -0.00000127 0.00000210
v 0.00002561 -0.00000043 0.00000216
v 0.00001919 -0.00000032 0.00000251
v 0.00001142 0.00000022 0.00000323
v 0.00003505 -0.00000264 0.00000152
v 0.00004337 -0.00000413 0.00000095
v 0.00002961 -0.00000139 0.00000191
v 0.00003509 -0.00000156 0.00000164
v 0.00004348 -0.00000312 0.00000118
v 0.00004979 -0.00000335 0.00000095
v 0.00004965 -0.00000443 0.00000074
v 0.00005334 -0.00000377 0.00000061
v 0.00004357 -0.00000186 0.00000129
v 0.00003512 -0.00000053 0.00000171
v 0.00005346 -0.00000284 0.00000078
v 0.00005573 -0.00000264 0.00000051
v 0.00005612 -0.00000185 0.00000057
v 0.00004992 -0.00000200 0.00000104
v 0.00005358 -0.00000168 0.00000084
v 0.00005624 -0.00000107 0.00000060
v 0.00005687 -0.00000133 0.00000001
v 0.00005704 -0.00000076 0.00000001
v 0.00005365 -0.00000056 0.00000088
v 0.00005629 -0.00000036 0.00000061
v 0.00005365 0.00000056 0.00000088
v 0.00005709 -0.00000025 0.00000002
v 0.00005629 0.00000036 0.00000061
v 0.00005709 0.00000025 0.00000002
v 0.00005624 0.00000107 0.00000060
v 0.00005704 0.00000076 0.00000002
v 0.00005688 0.00000133 0.00000001
v 0.00005613 0.00000185 0.00000057
v 0.00004999 -0.00000067 0.00000111
v 0.00004362 -0.00000063 0.00000137
v 0.00005359 0.00000168 0.00000084
v 0.00004999 0.00000067 0.00000111
v 0.00004993 0.00000200 0.00000104
v 0.00004362 0.00000063 0.00000137
v 0.00003512 0.00000053 0.00000171
v 0.00004358 0.00000186 0.00000129
v 0.00004980 0.00000335 0.00000095
v 0.00005347 0.00000284 0.00000078
v 0.00005336 0.00000377 0.00000062
v 0.00005574 0.00000264 0.00000051
v 0.00004967 0.00000442 0.00000074
v 0.00004349 0.00000312 0.00000118
v 0.00004338 0.00000413 0.00000095
v 0.00003499 0.00000351 0.00000128
v 0.00003505 0.00000264 0.00000152
v 0.00003509 0.00000156 0.00000164
v 0.00002959 0.00000235 0.00000180
v 0.00002956 0.00000315 0.00000155
v 0.00002961 0.00000139 0.00000191
v 0.00002560 0.00000217 0.00000202
v 0.00002557 0.00000292 0.00000181
v 0.00001916 0.00000229 0.00000231
v 0.00002962 0.00000047 0.00000199
v 0.00002561 0.00000127 0.00000210
v 0.00001919 0.00000167 0.00000246
v 0.00002962 -0.00000047 0.00000199
v 0.00002561 0.00000043 0.00000216
v 0.00001919 0.00000096 0.00000249
v 0.00001919 0.00000032 0.00000251
v 0.00001142 0.00000066 0.00000323
v 0.00001142 0.00000119 0.00000322
v 0.00001140 0.00000170 0.00000311
v 0.00000513 0.00000018 0.00000393
v 0.00000513 0.00000103 0.00000392
v 0.00000512 0.00000150 0.00000380
v 0.00000513 0.00000055 0.00000393
v 0.00000140 0.00000017 0.00000417
v 0.00000140 0.00000052 0.00000417
v 0.00000140 0.00000099 0.00000417
v -0.00000120 0.00000102 0.00000399
v 0.00000140 0.00000146 0.00000404
v -0.00000118 0.00000150 0.00000387
v -0.00000357 0.00000163 0.00000338
v -0.00000121 0.00000055 0.00000400
v -0.00000363 0.00000062 0.00000348
v -0.00000362 0.00000114 0.00000348
v -0.00000575 0.00000137 0.00000274
v -0.00002148 0.00000315 0.00000026
v -0.00001988 0.00000425 -0.00000003
v -0.00002003 0.00000357 0.00000010
v -0.00002041 0.00000372 -0.00000035
v -0.00002159 0.00000311 -0.00000051
v -0.00002517 0.00000294 0.00000063
v -0.00002505 0.00000245 0.00000114
v -0.00003382 0.00000222 0.00000395
v -0.00003398 0.00000263 0.00000345
v -0.00003927 0.00000203 0.00000604
v -0.00003983 0.00000216 0.00000567
v -0.00003410 0.00000218 0.00000302
v -0.00003950 0.00000202 0.00000512
v -0.00001996 -0.00000425 -0.00000079
v -0.00002042 -0.00000372 -0.00000035
v -0.00001990 -0.00000425 -0.00000003
v -0.00002042 -0.00000471 -0.00000035
v -0.00001996 -0.00000000 -0.00000079
v -0.00002041 0.00000049 -0.00000035
v -0.00001990 -0.00000000 -0.00000003
v -0.00002042 -0.00000050 -0.00000035
v -0.00004001 -0.00000129 0.00000557
v -0.00004004 -0.00000211 0.00000556
v -0.00003967 -0.00000198 0.00000503
v -0.00003965 -0.00000146 0.00000504
vn -0.82240460 -0.54314300 0.16925210
vn -0.31727030 -0.38512550 -0.86661290
vn -0.52928660 -0.36261890 -0.76704840
vn -0.08518636 -0.99312640 -0.08026956
vn 0.25393670 -0.49330320 0.83196630
vn -0.06066357 -0.45681970 0.88748850
vn -0.10786600 -0.99133330 -0.07498775
vn 0.19385260 -0.41143310 0.89058630
vn -0.00651025 -0.72028300 0.69364970
vn -0.26350160 -0.61800430 -0.74070070
vn -0.65264840 -0.75765810 0.00205848
vn -0.43733920 0.01292588 0.89920370
vn -0.13303460 -0.34462930 0.92926450
vn -0.32806890 -0.38675350 -0.86185410
vn -0.52263060 0.41124350 -0.74681730
vn -0.55748030 -0.35736390 -0.74933760
vn -0.28616200 0.41140290 -0.86536630
vn -0.23252580 0.33881950 -0.91166500
vn -0.00422383 0.99743110 -0.07150758
vn -0.02085258 0.99632920 -0.08302488
vn -0.20562840 0.62659690 -0.75172690
vn -0.25048270 -0.34249150 -0.90551530
vn -0.18507330 -0.02021790 -0.98251670
vn -0.09403191 -0.99231650 -0.08041083
vn -0.11151170 -0.99138980 -0.06863906
vn -0.14989700 -0.33719760 -0.92942390
vn -0.10480610 -0.00126373 -0.99449190
vn -0.05930189 -0.99505530 -0.07967610
vn -0.04597139 -0.32724000 -0.94382230
vn 0.04710525 -0.99481540 -0.09012925
vn 0.12704270 -0.33915880 -0.93211130
vn 0.24980450 -0.96399230 -0.09119489
vn 0.47418120 -0.87952040 -0.03995046
vn 0.03133158 0.01041408 -0.99945480
vn 0.35076000 -0.33801220 -0.87333570
vn -0.06167885 0.00809145 -0.99806330
vn 0.51098780 -0.33026320 -0.79361060
vn 0.57770810 -0.81579790 0.02696159
vn 0.32648400 0.01870054 -0.94501760
vn 0.56446220 -0.34483360 -0.74998140
vn 0.17773350 0.01307677 -0.98399180
vn 0.03383365 0.00084280 -0.99942710
vn 0.18415050 0.00123545 -0.98289720
vn 0.40707440 0.02578665 -0.91303100
vn 0.33658100 0.00216627 -0.94165200
vn 0.40391590 0.03278841 -0.91420840
vn 0.51683330 -0.37275550 -0.77067290
vn 0.41723740 0.00307325 -0.90879240
vn 0.33758390 0.00015830 -0.94129550
vn 0.35600260 0.04036519 -0.93361280
vn 0.41662920 -0.39106320 -0.82066420
vn 0.28841590 -0.39711580 -0.87127220
vn 0.26479880 0.04914271 -0.96305070
vn 0.14334730 -0.38859380 -0.91019030
vn 0.13542980 0.05645372 -0.98917740
vn 0.00159385 -0.38393310 -0.92335960
vn 0.00018549 0.05942576 -0.99823270
vn -0.09114397 -0.38362660 -0.91897950
vn 0.41242360 0.00332615 -0.91098600
vn 0.36237750 0.00334127 -0.93202540
vn 0.26899900 0.00376927 -0.96313310
vn 0.13762490 0.00437941 -0.99047480
vn 0.00034619 0.00463434 -0.99998930
vn -0.08746161 0.05793744 -0.99448170
vn 0.41803610 0.00021882 -0.90843040
vn 0.41289230 0.00015367 -0.91077980
vn 0.36269360 0.00007297 -0.93190840
vn 0.36269360 -0.00007593 -0.93190840
vn 0.26922480 0.00006444 -0.96307740
vn 0.41803580 -0.00022046 -0.90843050
vn -0.10069500 0.06725297 -0.99264160
vn -0.11878950 -0.36571660 -0.92311450
vn 0.13774900 0.00007906 -0.99046710
vn 0.13774880 -0.00008077 -0.99046730
vn 0.00035380 0.00008855 -1.00000000
vn -0.08858230 0.00527930 -0.99605490
vn 0.41289220 -0.00015628 -0.91077990
vn -0.11080150 -0.31126410 -0.94384200
vn -0.08856011 -0.93806370 -0.33495290
vn -0.11439450 -0.93194600 -0.34407920
vn -0.10189040 0.01617035 -0.99466420
vn -0.08715356 -0.24380650 -0.96589990
vn -0.09976901 -0.92202110 -0.37406300
vn -0.08116224 -0.91341550 -0.39885450
vn -0.07473560 0.10292860 -0.99187720
vn -0.07526269 0.04452967 -0.99616900
vn -0.05235259 0.14741290 -0.98768860
vn -0.04373555 0.16778900 -0.98485240
vn -0.06817663 -0.19165650 -0.97909120
vn -0.06029525 -0.18849350 -0.98022170
vn -0.08614918 -0.92080090 -0.38039960
vn -0.07433961 -0.93807690 -0.33835690
vn -0.05195545 0.07618312 -0.99573930
vn -0.05172228 -0.20734430 -0.97689970
vn 0.04682158 -0.95213540 -0.30206960
vn -0.07360591 0.01810189 -0.99712310
vn -0.04987971 0.03215408 -0.99823750
vn -0.04637833 0.09149670 -0.99472470
vn -0.10129410 0.00548583 -0.99484140
vn -0.08857681 0.00049047 -0.99606920
vn -0.10129410 -0.00548433 -0.99484140
vn 0.00035360 -0.00008840 -1.00000000
vn -0.08857690 -0.00048883 -0.99606920
vn -0.08858244 -0.00527654 -0.99605490
vn 0.00034579 -0.00463366 -0.99998930
vn -0.04987955 -0.03215287 -0.99823760
vn -0.07360590 -0.01810106 -0.99712310
vn -0.10189050 -0.01616801 -0.99466420
vn -0.08746191 -0.05793555 -0.99448180
vn -0.04646803 0.03887725 -0.99816290
vn -0.05195499 -0.07618213 -0.99573950
vn -0.07526270 -0.04452869 -0.99616900
vn -0.04646478 -0.03885393 -0.99816400
vn -0.04407530 0.03712502 -0.99833810
vn -0.04406890 -0.03703960 -0.99834170
vn -0.04188229 0.08735843 -0.99529620
vn -0.03560024 0.15860480 -0.98670020
vn -0.03159271 0.13601110 -0.99020350
vn -0.07473556 -0.10292800 -0.99187720
vn -0.05235177 -0.14741200 -0.98768870
vn -0.04636878 -0.09147441 -0.99472730
vn -0.10069500 -0.06725128 -0.99264170
vn -0.04186361 -0.08727542 -0.99530420
vn -0.11080130 0.31126410 -0.94384200
vn -0.09114438 0.38362700 -0.91897930
vn -0.11878940 0.36571700 -0.92311440
vn 0.00159240 0.38393320 -0.92335960
vn -0.11439430 0.93194620 -0.34407870
vn -0.08856000 0.93806390 -0.33495250
vn -0.09976691 0.92202200 -0.37406130
vn -0.08715196 0.24380810 -0.96589970
vn -0.04372156 -0.16777000 -0.98485620
vn -0.06814934 0.19168060 -0.97908850
vn -0.08112767 0.91342200 -0.39884670
vn -0.08607022 0.92082550 -0.38035820
vn -0.06023734 0.18857570 -0.98020950
vn -0.07423876 0.93812780 -0.33823800
vn -0.03557327 -0.15853650 -0.98671210
vn -0.05166895 0.20751000 -0.97686740
vn 0.04704945 0.95221990 -0.30176730
vn -0.03156392 -0.13587630 -0.99022290
vn -0.03743029 -0.07447343 -0.99652030
vn -0.03977374 -0.03143750 -0.99871400
vn -0.03978046 0.03160611 -0.99870850
vn -0.05105252 -0.02588600 -0.99836050
vn -0.04855115 -0.06195420 -0.99689750
vn -0.04619963 -0.11662180 -0.99210130
vn -0.00837335 0.26210650 -0.96500270
vn 0.10749140 0.33673170 -0.93544500
vn 0.28956960 0.90604320 -0.30860190
vn -0.07544931 -0.09307086 -0.99279670
vn -0.07286305 -0.04880789 -0.99614690
vn 0.26002550 0.16627740 -0.95117750
vn 0.22878080 0.34525120 -0.91019820
vn -0.07466759 -0.01957916 -0.99701630
vn 0.93059400 0.33134240 -0.15558550
vn 0.66770010 0.68977130 -0.27998600
vn 0.98261680 0.13469300 -0.12775690
vn 0.16855560 0.01556778 -0.98556920
vn 0.99113990 0.03738635 -0.12745140
vn 0.15183520 -0.00061911 -0.98840570
vn 0.99090700 -0.04295180 -0.12750940
vn -0.05106125 0.02617813 -0.99835240
vn 0.15183540 -0.00023628 -0.98840580
vn 0.98184810 -0.14000990 -0.12795120
vn -0.07467868 0.02004526 -0.99700610
vn 0.16847840 -0.01649604 -0.98556730
vn 0.92912840 -0.33525160 -0.15597070
vn -0.04857458 0.06223884 -0.99687850
vn -0.07289510 0.04927302 -0.99612170
vn -0.03744956 0.07463748 -0.99650730
vn -0.04624256 0.11687930 -0.99206900
vn -0.07550326 0.09351411 -0.99275090
vn -0.00836170 -0.26188360 -0.96506320
vn 0.10729090 -0.33639300 -0.93559000
vn 0.28895750 -0.90603210 -0.30920760
vn 0.25940630 -0.16723530 -0.95117860
vn 0.22790160 -0.34510810 -0.91047300
vn 0.66609970 -0.69102850 -0.28069690
vn 0.66770010 0.68977130 -0.27998600
vn 0.10749140 0.33673170 -0.93544500
vn 0.22878080 0.34525120 -0.91019820
vn 0.28956960 0.90604320 -0.30860190
vn 0.48103550 0.64504390 0.59373650
vn 0.93059400 0.33134240 -0.15558550
vn 0.51918410 0.32433970 0.79072850
vn 0.27949970 0.70884220 0.64762850
vn 0.07459112 0.68915220 0.72076730
vn 0.04704945 0.95221990 -0.30176730
vn -0.01626278 0.69269770 0.72104470
vn -0.07423876 0.93812780 -0.33823800
vn -0.08607022 0.92082550 -0.38035820
vn -0.02208492 0.73426960 0.67849870
vn -0.01139971 0.76232860 0.64708980
vn -0.08112767 0.91342200 -0.39884670
vn -0.09976691 0.92202200 -0.37406130
vn -0.01652244 0.76882600 0.63924460
vn -0.11439430 0.93194620 -0.34407870
vn -0.01191193 0.76704040 0.64148830
vn 0.02358074 0.78012470 0.62517950
vn -0.08856000 0.93806390 -0.33495250
vn -0.05161959 0.93745860 -0.34424820
vn 0.03710914 0.79335240 0.60763060
vn 0.00307079 0.93822640 -0.34600840
vn 0.00172641 0.79025080 0.61278120
vn -0.05830736 0.77995220 0.62311700
vn -0.09114438 0.38362700 -0.91897930
vn -0.11878940 0.36571700 -0.92311440
vn 0.00159240 0.38393320 -0.92335960
vn 0.14334510 0.38859420 -0.91019050
vn 0.08168618 0.94208620 -0.32527050
vn -0.10786040 0.75443110 0.64745650
vn 0.17289980 0.94752580 -0.26888730
vn 0.28841400 0.39711630 -0.87127270
vn -0.11570970 0.70620310 0.69849010
vn 0.41662820 0.39106340 -0.82066460
vn 0.29207260 0.93977340 -0.17753780
vn -0.08726469 0.63245860 0.76966290
vn 0.51683270 0.37275640 -0.77067290
vn 0.42849050 0.90160320 -0.05922519
vn 0.56446210 0.34483460 -0.74998100
vn -0.03793176 0.55055070 0.83393950
vn 0.54095800 0.84052940 0.02957422
vn 0.51098920 0.33026400 -0.79360930
vn 0.57770720 0.81579860 0.02696431
vn 0.04995013 0.48544590 0.87283870
vn 0.11214590 0.45667020 0.88253930
vn 0.47418850 0.87951680 -0.03994419
vn 0.24999580 0.96394680 -0.09115150
vn 0.10422580 0.44679860 0.88854260
vn 0.08968685 0.42814830 0.89924710
vn 0.04697176 0.99484520 -0.08987089
vn 0.10764800 0.42856990 0.89707290
vn -0.06749006 0.99476530 -0.07672798
vn 0.19316930 0.41108720 0.89089450
vn -0.10188370 0.99244420 -0.06836762
vn -0.09792574 0.99416600 -0.04521559
vn 0.26221040 0.46248810 0.84696550
vn -0.01423586 0.42503930 0.90506300
vn -0.78451990 0.57834330 0.22371280
vn -0.33519900 0.40815370 -0.84914790
vn -0.55196950 0.40038990 -0.73144900
vn -0.09114397 -0.38362660 -0.91897950
vn -0.08856011 -0.93806370 -0.33495290
vn -0.11878950 -0.36571660 -0.92311450
vn -0.05161956 -0.93745850 -0.34424860
vn 0.00307130 -0.93822630 -0.34600870
vn 0.00159385 -0.38393310 -0.92335960
vn 0.08168696 -0.94208610 -0.32527070
vn 0.14334730 -0.38859380 -0.91019030
vn 0.28841590 -0.39711580 -0.87127220
vn 0.02358057 -0.78012520 0.62517890
vn -0.11439450 -0.93194600 -0.34407920
vn 0.03710877 -0.79335300 0.60762990
vn -0.01191201 -0.76704080 0.64148780
vn 0.00172550 -0.79025100 0.61278090
vn -0.01652292 -0.76882690 0.63924350
vn -0.09976901 -0.92202110 -0.37406300
vn -0.08116224 -0.91341550 -0.39885450
vn -0.01140430 -0.76232950 0.64708860
vn -0.02209933 -0.73428600 0.67848060
vn -0.08614918 -0.92080090 -0.38039960
vn -0.01627483 -0.69275130 0.72099280
vn -0.07433961 -0.93807690 -0.33835690
vn 0.04682158 -0.95213540 -0.30206960
vn 0.07463261 -0.68941180 0.72051450
vn 0.27930960 -0.70942320 0.64707400
vn -0.05830876 -0.77995220 0.62311690
vn 0.28895750 -0.90603210 -0.30920760
vn 0.17290060 -0.94752560 -0.26888770
vn -0.10786190 -0.75443120 0.64745600
vn -0.11571040 -0.70620360 0.69848950
vn 0.29207340 -0.93977300 -0.17753820
vn 0.41662920 -0.39106320 -0.82066420
vn 0.42849130 -0.90160270 -0.05922602
vn -0.08726451 -0.63245960 0.76966210
vn 0.51683330 -0.37275550 -0.77067290
vn 0.54095910 -0.84052890 0.02957286
vn 0.56446220 -0.34483360 -0.74998140
vn 0.51098780 -0.33026320 -0.79361060
vn -0.03793080 -0.55055180 0.83393880
vn 0.57770810 -0.81579790 0.02696159
vn 0.04995277 -0.48544700 0.87283780
vn 0.47418120 -0.87952040 -0.03995046
vn 0.11214990 -0.45667260 0.88253750
vn 0.24980450 -0.96399230 -0.09119489
vn 0.10422940 -0.44682340 0.88852980
vn 0.04710525 -0.99481540 -0.09012925
vn 0.08991533 -0.42815560 0.89922080
vn 0.10913080 -0.42872260 0.89682070
vn -0.05930189 -0.99505530 -0.07967610
vn -0.09403191 -0.99231650 -0.08041083
vn 0.18689810 -0.42296990 0.88665970
vn -0.11151170 -0.99138980 -0.06863906
vn 0.24151390 -0.48890230 0.83823960
vn -0.81702910 -0.54043130 0.20099120
vn -0.04535826 -0.44739000 0.89318810
vn -0.32806890 -0.38675350 -0.86185410
vn -0.55748030 -0.35736390 -0.74933760
vn -0.45030850 0.00833858 0.89283410
vn -0.64802770 0.76161070 0.00301259
vn -0.54115830 0.00710261 -0.84089070
vn -0.63134820 -0.77546810 -0.00697547
vn -0.78059310 0.58983020 0.20682030
vn -0.80489020 -0.56173320 0.19133080
vn -0.54386680 -0.36094760 -0.75757900
vn -0.53328190 0.40336240 -0.74357870
vn 0.22790160 -0.34510810 -0.91047300
vn 0.10729090 -0.33639300 -0.93559000
vn 0.66609970 -0.69102850 -0.28069690
vn 0.48015900 -0.64623370 0.59315200
vn 0.92912840 -0.33525160 -0.15597070
vn 0.51867480 -0.32673020 0.79007830
vn -0.31799980 0.40662300 -0.85646590
vn -0.53328190 0.40336240 -0.74357870
vn -0.54386680 -0.36094760 -0.75757900
vn -0.31358700 -0.38549690 -0.86778750
vn -0.25265820 -0.32795130 -0.91028110
vn -0.05612531 -0.99464190 -0.08681846
vn -0.06653323 -0.99415770 -0.08499330
vn -0.23468140 -0.62270430 -0.74643430
vn -0.26771580 0.33555540 -0.90317810
vn -0.11545190 0.99147610 -0.06038248
vn -0.06530251 0.99627990 -0.05623053
vn -0.27554580 0.61836650 -0.73600080
vn -0.19200440 0.00076080 -0.98139380
vn -0.17376560 0.00424658 -0.98477790
vn -0.30453040 -0.24610880 -0.92015860
vn -0.62848990 -0.77781420 -0.00234718
vn -0.53293750 -0.00084124 -0.84615420
vn -0.13166290 0.00219342 -0.99129210
vn -0.12175960 -0.00014793 -0.99255970
vn -0.09184258 -0.00004821 -0.99577360
vn -0.17392560 -0.00372271 -0.98475180
vn -0.13215040 -0.00137647 -0.99122870
vn -0.09004948 -0.00750550 -0.99590900
vn -0.32306480 0.25165170 -0.91230510
vn -0.64802770 0.76161070 0.00301259
vn -0.54115830 0.00710261 -0.84089070
vn -0.11581290 -0.00080689 -0.99327070
vn -0.13261090 0.00864355 -0.99113050
vn -0.08589564 -0.00132927 -0.99630320
vn -0.29558080 -0.23394400 -0.92623010
vn -0.63134820 -0.77546810 -0.00697547
vn -0.20392890 -0.62055220 -0.75718430
vn -0.09263418 0.00634994 -0.99567990
vn -0.10497000 0.00114210 -0.99447470
vn -0.05967785 -0.00102772 -0.99821720
vn -0.06155372 -0.00818772 -0.99807020
vn -0.17189340 0.01813726 -0.98494860
vn -0.13140680 0.01847987 -0.99115620
vn -0.19034730 0.02362112 -0.98143260
vn -0.23898080 -0.32825520 -0.91385810
vn -0.01582478 -0.99492920 -0.09932557
vn -0.02284419 -0.99508780 -0.09632494
vn -0.30477880 -0.38806230 -0.86978020
vn -0.33519900 0.40815370 -0.84914790
vn -0.54820250 -0.36639030 -0.75181930
vn -0.55196950 0.40038990 -0.73144900
vn -0.26133190 0.35102630 -0.89915850
vn -0.15517200 0.34006910 -0.92751000
vn -0.10188370 0.99244420 -0.06836762
vn -0.09792574 0.99416600 -0.04521559
vn -0.06749006 0.99476530 -0.07672798
vn 0.04697176 0.99484520 -0.08987089
vn -0.04584087 0.32735010 -0.94379050
vn 0.24999580 0.96394680 -0.09115150
vn 0.03136902 -0.01044753 -0.99945320
vn 0.12716680 0.33909380 -0.93211800
vn 0.35076720 0.33800990 -0.87333360
vn 0.47418850 0.87951680 -0.03994419
vn 0.03384301 -0.00085378 -0.99942680
vn 0.17773730 -0.01307774 -0.98399110
vn 0.51098920 0.33026400 -0.79360930
vn 0.57770720 0.81579860 0.02696431
vn 0.03399817 -0.00001553 -0.99942200
vn -0.05949038 0.00038334 -0.99822880
vn -0.08543673 0.00001704 -0.99634360
vn -0.05947918 -0.00037951 -0.99822940
vn -0.09176552 0.00005615 -0.99578060
vn -0.05966600 0.00100193 -0.99821790
vn -0.09012111 0.00739035 -0.99590340
vn -0.11501750 0.00002856 -0.99336350
vn -0.13134450 -0.00188095 -0.99133500
vn -0.30744300 0.24683060 -0.91899590
vn -0.63507400 0.77245140 0.00009959
vn -0.24361230 0.62379130 -0.74265560
vn -0.09005595 -0.00733910 -0.99590970
vn 0.03399740 0.00001502 -0.99942200
vn -0.17289580 -0.00361999 -0.98493340
vn -0.12123820 0.00020334 -0.99262340
vn -0.19004120 0.00042412 -0.98177590
vn -0.25148490 0.33765520 -0.90705260
vn -0.07260005 0.99489490 -0.07009684
vn -0.29898650 0.40340810 -0.86479410
vn -0.03528387 0.99709250 -0.06753975
vn -0.26203300 -0.32619210 -0.90826060
vn -0.17231950 0.00419117 -0.98503220
vn -0.13137920 0.00173693 -0.99133060
vn -0.26350160 -0.61800430 -0.74070070
vn -0.31738520 -0.24685240 -0.91560400
vn -0.65264840 -0.75765810 0.00205848
vn -0.10786600 -0.99133330 -0.07498775
vn -0.08518636 -0.99312640 -0.08026956
vn -0.31727030 -0.38512550 -0.86661290
vn -0.52928660 -0.36261890 -0.76704840
vn -0.50849230 0.39779450 -0.76367210
vn -0.53115170 0.01084855 -0.84720720
vn -0.08996453 0.00743105 -0.99591730
vn -0.11514440 0.00057979 -0.99334870
vn -0.08603287 0.00110120 -0.99629180
vn -0.29149580 0.24616550 -0.92435530
vn -0.60411950 0.79686860 -0.00632134
vn -0.13105270 -0.00745285 -0.99134740
vn -0.09301930 -0.00682016 -0.99564090
vn 0.18474260 0.00005464 -0.98278700
vn -0.16800910 -0.01573767 -0.98565980
vn -0.12988860 -0.01789230 -0.99136720
vn 0.18474300 -0.00005459 -0.98278690
vn 0.33758400 -0.00015878 -0.94129540
vn 0.33658140 -0.00216603 -0.94165190
vn 0.18415220 -0.00123559 -0.98289700
vn 0.41723700 -0.00307405 -0.90879260
vn 0.32648500 -0.01869980 -0.94501750
vn 0.40707390 -0.02578580 -0.91303120
vn 0.56446210 0.34483460 -0.74998100
vn 0.41242320 -0.00332822 -0.91098630
vn 0.40391500 -0.03278837 -0.91420870
vn 0.51683270 0.37275640 -0.77067290
vn 0.41662820 0.39106340 -0.82066460
vn 0.36237710 -0.00334402 -0.93202560
vn 0.35600160 -0.04036652 -0.93361310
vn 0.26479730 -0.04914425 -0.96305100
vn 0.28841400 0.39711630 -0.87127270
vn 0.13542850 -0.05645443 -0.98917750
vn 0.14334510 0.38859420 -0.91019050
vn 0.26899830 -0.00377207 -0.96313320
vn 0.00018480 -0.05942499 -0.99823270
vn 0.13762420 -0.00438121 -0.99047480
vn 0.26922460 -0.00006712 -0.96307750
vn -0.03528387 0.99709250 -0.06753975
vn -0.50849230 0.39779450 -0.76367210
vn -0.29898650 0.40340810 -0.86479410
vn -0.77286450 0.60844480 0.18020960
vn -0.03152354 0.43012810 0.90221740
vn 0.28018930 0.46115700 0.84191930
vn 0.20861380 0.39994970 0.89247990
vn -0.07260005 0.99489490 -0.07009684
vn 0.01795694 0.72227810 0.69136970
vn -0.24361230 0.62379130 -0.74265560
vn -0.63507400 0.77245140 0.00009959
vn -0.43848930 -0.00128030 0.89873550
vn -0.11859010 0.34450430 0.93126430
vn -0.00422383 0.99743110 -0.07150758
vn -0.52263060 0.41124350 -0.74681730
vn -0.28616200 0.41140290 -0.86536630
vn -0.76404270 0.61015150 0.20965180
vn -0.00383030 0.43476520 0.90053570
vn 0.29413520 0.46365120 0.83577030
vn 0.22524370 0.40447250 0.88637860
vn -0.02085258 0.99632920 -0.08302488
vn 0.05935051 0.73421560 0.67631720
vn -0.20562840 0.62659690 -0.75172690
vn -0.60411950 0.79686860 -0.00632134
vn -0.43733920 0.01292588 0.89920370
vn -0.09745594 0.34777090 0.93250080
vn -0.78451990 0.57834330 0.22371280
vn -0.79375980 -0.57300370 0.20399000
vn -0.54820250 -0.36639030 -0.75181930
vn -0.55196950 0.40038990 -0.73144900
vn -0.79375980 -0.57300370 0.20399000
vn -0.30477880 -0.38806230 -0.86978020
vn -0.54820250 -0.36639030 -0.75181930
vn -0.02284419 -0.99508780 -0.09632494
vn 0.29809170 -0.49174220 0.81812650
vn -0.01112764 -0.45823410 0.88876190
vn 0.23601830 -0.41788230 0.87730820
vn -0.01582478 -0.99492920 -0.09932557
vn 0.07039318 -0.73301570 0.67655940
vn -0.20392890 -0.62055220 -0.75718430
vn -0.63134820 -0.77546810 -0.00697547
vn -0.45030850 0.00833858 0.89283410
vn -0.10168960 -0.33377830 0.93715050
vn -0.52263060 0.41124350 -0.74681730
vn -0.76404270 0.61015150 0.20965180
vn -0.81702910 -0.54043130 0.20099120
vn -0.55748030 -0.35736390 -0.74933760
vn -0.54386680 -0.36094760 -0.75757900
vn -0.05612531 -0.99464190 -0.08681846
vn -0.31358700 -0.38549690 -0.86778750
vn -0.80489020 -0.56173320 0.19133080
vn -0.03253085 -0.45406170 0.89037610
vn 0.27687590 -0.49008750 0.82653140
vn 0.21368260 -0.41320350 0.88521330
vn -0.06653323 -0.99415770 -0.08499330
vn 0.03077594 -0.72469000 0.68838740
vn -0.23468140 -0.62270430 -0.74643430
vn -0.62848990 -0.77781420 -0.00234718
vn -0.43848930 -0.00128030 0.89873550
vn -0.11342100 -0.34447750 0.93191790
vn -0.78059310 0.58983020 0.20682030
vn -0.03253085 -0.45406170 0.89037610
vn -0.80489020 -0.56173320 0.19133080
vn -0.01902420 0.43047400 0.90240250
vn 0.27305560 0.46279500 0.84336310
vn 0.27687590 -0.49008750 0.82653140
vn 0.19552510 0.39817960 0.89622710
vn 0.21368260 -0.41320350 0.88521330
vn 0.17887560 -0.00039456 0.98387170
vn -0.01697129 0.71787040 0.69596990
vn 0.03077594 -0.72469000 0.68838740
vn 0.12172600 0.09654669 0.98785700
vn -0.13865270 0.34956980 0.92659410
vn 0.06921633 0.05733873 0.99595250
vn -0.45030850 0.00833858 0.89283410
vn 0.12120280 0.00019075 0.99262780
vn 0.07283596 -0.05663136 0.99573490
vn 0.09230727 0.00004653 0.99573060
vn 0.12780110 -0.09807779 0.98693850
vn -0.11342100 -0.34447750 0.93191790
vn 0.08997019 -0.00828672 0.99591000
vn 0.01869342 -0.00008704 0.99982530
vn -0.43848930 -0.00128030 0.89873550
vn 0.07191582 0.05645975 0.99581150
vn -0.11859010 0.34450430 0.93126430
vn 0.01795694 0.72227810 0.69136970
vn 0.08496554 -0.00001675 0.99638390
vn 0.12541250 0.09736202 0.98731580
vn 0.17696850 -0.00064343 0.98421640
vn 0.20861380 0.39994970 0.89247990
vn 0.08990238 0.00823493 0.99591650
vn 0.19385260 -0.41143310 0.89058630
vn 0.25393670 -0.49330320 0.83196630
vn 0.28018930 0.46115700 0.84191930
vn -0.06066357 -0.45681970 0.88748850
vn -0.03152354 0.43012810 0.90221740
vn -0.77286450 0.60844480 0.18020960
vn -0.82240460 -0.54314300 0.16925210
vn -0.00651025 -0.72028300 0.69364970
vn 0.09223013 -0.00005293 0.99573770
vn 0.06020700 0.00038306 0.99818580
vn 0.12067340 -0.00024068 0.99269230
vn 0.06954868 -0.05664153 0.99596930
vn 0.12169890 -0.09691077 0.98782480
vn -0.13303460 -0.34462930 0.92926450
vn 0.06021809 -0.00038653 0.99818510
vn 0.08977938 -0.00832821 0.99592680
vn 0.08553751 -0.00105445 0.99633440
vn 0.01847478 0.00127143 0.99982850
vn -0.43733920 0.01292588 0.89920370
vn 0.07290895 0.06386117 0.99529190
vn -0.09745594 0.34777090 0.93250080
vn 0.05935051 0.73421560 0.67631720
vn 0.06038691 -0.00097434 0.99817450
vn 0.12447380 0.11579370 0.98544310
vn 0.22524370 0.40447250 0.88637860
vn 0.18121910 0.07203835 0.98080070
vn 0.18689810 -0.42296990 0.88665970
vn 0.24151390 -0.48890230 0.83823960
vn 0.29413520 0.46365120 0.83577030
vn -0.00383030 0.43476520 0.90053570
vn -0.04535826 -0.44739000 0.89318810
vn -0.81702910 -0.54043130 0.20099120
vn -0.76404270 0.61015150 0.20965180
vn 0.10913080 -0.42872260 0.89682070
vn 0.10819540 -0.02897497 0.99370740
vn 0.08991533 -0.42815560 0.89922080
vn 0.12925600 -0.00134731 0.99161030
vn 0.09307772 0.00779914 0.99562820
vn 0.06578760 -0.01874136 0.99765770
vn 0.10422940 -0.44682340 0.88852980
vn -0.02660264 -0.02468784 0.99934120
vn 0.11214990 -0.45667260 0.88253750
vn -0.03266794 -0.00077663 0.99946600
vn -0.16875980 -0.02977672 0.98520730
vn 0.04995277 -0.48544700 0.87283780
vn -0.03276775 -0.00001118 0.99946300
vn -0.18364800 -0.00115723 0.98299140
vn -0.31499560 -0.04014039 0.94824400
vn -0.03793080 -0.55055180 0.83393880
vn -0.03276879 0.00001193 0.99946300
vn -0.33718450 -0.00240192 0.94143560
vn 0.06039711 0.00100055 0.99817400
vn 0.08538231 0.00128289 0.99634750
vn 0.08985329 0.00841300 0.99591950
vn 0.01584582 0.00062384 0.99987420
vn 0.07349373 -0.06247462 0.99533690
vn -0.10168960 -0.33377830 0.93715050
vn 0.12842540 -0.11662380 0.98483800
vn 0.18747170 -0.07446046 0.97944380
vn 0.07039318 -0.73301570 0.67655940
vn 0.23601830 -0.41788230 0.87730820
vn 0.19316930 0.41108720 0.89089450
vn 0.26221040 0.46248810 0.84696550
vn 0.29809170 -0.49174220 0.81812650
vn -0.01112764 -0.45823410 0.88876190
vn -0.01423586 0.42503930 0.90506300
vn -0.78451990 0.57834330 0.22371280
vn -0.79375980 -0.57300370 0.20399000
vn 0.10764800 0.42856990 0.89707290
vn 0.10843490 0.02912184 0.99367680
vn 0.08968685 0.42814830 0.89924710
vn 0.13068100 0.00080878 0.99142410
vn 0.09271207 -0.00735726 0.99566570
vn 0.06568386 0.01880141 0.99766340
vn 0.10422580 0.44679860 0.88854260
vn -0.02664001 0.02471885 0.99933940
vn 0.11214590 0.45667020 0.88253930
vn -0.03267801 0.00078745 0.99946560
vn -0.16876350 0.02977709 0.98520670
vn 0.04995013 0.48544590 0.87283870
vn -0.18364970 0.00115744 0.98299110
vn -0.18414030 0.00005048 0.98290000
vn -0.33718480 0.00240165 0.94143550
vn -0.31499660 0.04013940 0.94824360
vn -0.39447620 0.05423239 0.91730450
vn -0.03793176 0.55055070 0.83393950
vn -0.39125820 0.07074381 0.91755780
vn -0.08726469 0.63245860 0.76966290
vn -0.11570970 0.70620310 0.69849010
vn -0.41759950 0.00365959 0.90862390
vn -0.18413980 -0.00005059 0.98290010
vn -0.33837080 -0.00016901 0.94101280
vn -0.33837070 0.00016964 0.94101280
vn -0.41760020 -0.00365897 0.90862360
vn -0.41863450 -0.00024274 0.90815480
vn -0.41863410 0.00024480 0.90815490
vn -0.41210940 0.00410973 0.91112510
vn -0.41267220 0.00018053 0.91087970
vn -0.39447650 -0.05423300 0.91730430
vn -0.41267230 -0.00017719 0.91087960
vn -0.39125890 -0.07074374 0.91755750
vn -0.08726451 -0.63245960 0.76966210
vn -0.41211000 -0.00410804 0.91112480
vn -0.34568090 -0.08960240 0.93406440
vn -0.11571040 -0.70620360 0.69848950
vn -0.10786190 -0.75443120 0.64745600
vn -0.36204990 -0.00430210 0.93214880
vn -0.36231610 -0.00009661 0.93205520
vn -0.25781760 -0.10894440 0.96003190
vn -0.05830876 -0.77995220 0.62311690
vn -0.26885490 -0.00480783 0.96316870
vn -0.26889730 -0.00007442 0.96316880
vn -0.36231600 0.00010016 0.93205540
vn -0.13794600 -0.00549390 0.99042460
vn -0.13228040 -0.12285020 0.98356990
vn -0.26889710 0.00007758 0.96316890
vn -0.36204960 0.00430458 0.93214900
vn -0.00062808 -0.12870830 0.99168230
vn 0.00172550 -0.79025100 0.61278090
vn 0.03710877 -0.79335300 0.60762990
vn -0.00105932 -0.00624297 0.99998000
vn -0.13798070 -0.00006644 0.99043490
vn 0.08511126 -0.12643900 0.98831640
vn 0.02358057 -0.78012520 0.62517890
vn -0.00110005 -0.00009811 0.99999940
vn 0.08811443 -0.00769342 0.99608070
vn 0.09743749 -0.12687000 0.98712210
vn -0.01191201 -0.76704080 0.64148780
vn 0.08806851 -0.00058612 0.99611430
vn -0.13798040 0.00006873 0.99043500
vn 0.10183550 -0.01873490 0.99462480
vn 0.07523413 -0.04661136 0.99607590
vn 0.07112420 -0.14838730 0.98636840
vn -0.01652292 -0.76882690 0.63924350
vn 0.04985103 -0.18257100 0.98192800
vn 0.04190941 -0.19812480 0.97928040
vn -0.01140430 -0.76232950 0.64708860
vn -0.02209933 -0.73428600 0.67848060
vn 0.10127720 -0.00569804 0.99484200
vn 0.05198832 -0.07807774 0.99559080
vn 0.04983823 -0.03234691 0.99823330
vn 0.07361688 -0.01835210 0.99711780
vn 0.10127730 0.00569641 0.99484200
vn 0.03353870 -0.18606980 0.98196400
vn -0.01627483 -0.69275130 0.72099280
vn 0.04636493 -0.09352855 0.99453650
vn 0.04175578 -0.08936712 0.99512310
vn 0.02991709 -0.16057150 0.98657080
vn 0.04784474 -0.14221460 0.98867890
vn 0.07463261 -0.68941180 0.72051450
vn 0.27930960 -0.70942320 0.64707400
vn 0.03733141 -0.07626904 0.99638820
vn 0.04409076 -0.03729946 0.99833100
vn 0.09159438 -0.12448250 0.98798510
vn 0.48015900 -0.64623370 0.59315200
vn 0.51867480 -0.32673020 0.79007830
vn 0.04862424 -0.06366019 0.99678640
vn 0.08097879 -0.05198984 0.99535900
vn 0.38322440 -0.08387860 0.91983880
vn 0.92912840 -0.33525160 -0.15597070
vn 0.98184810 -0.14000990 -0.12795120
vn 0.08233377 -0.02045389 0.99639490
vn 0.36882890 -0.02649837 0.92911960
vn 0.08232182 0.01994464 0.99640630
vn 0.99090700 -0.04295180 -0.12750940
vn 0.36881150 0.02427678 0.92918720
vn 0.99113990 0.03738635 -0.12745140
vn 0.38323110 0.08161214 0.92003990
vn 0.98261680 0.13469300 -0.12775690
vn 0.93059400 0.33134240 -0.15558550
vn 0.51918410 0.32433970 0.79072850
vn 0.05112311 -0.02629428 0.99834620
vn 0.03980158 -0.03176486 0.99870250
vn 0.08094352 0.05147840 0.99538840
vn 0.05111434 0.02600139 0.99835430
vn 0.04860037 0.06337348 0.99680580
vn 0.03979492 0.03159647 0.99870820
vn 0.04408441 0.03721450 0.99833450
vn 0.03731196 0.07610511 0.99640140
vn 0.04779681 0.14194270 0.98872020
vn 0.09152853 0.12395260 0.98805790
vn 0.27949970 0.70884220 0.64762850
vn 0.48103550 0.64504390 0.59373650
vn 0.07459112 0.68915220 0.72076730
vn 0.02988887 0.16044060 0.98659290
vn -0.01626278 0.69269770 0.72104470
vn -0.02208492 0.73426960 0.67849870
vn 0.03351261 0.18600490 0.98197710
vn 0.04173689 0.08928450 0.99513130
vn 0.04189576 0.19810630 0.97928480
vn -0.01139971 0.76232860 0.64708980
vn 0.04635524 0.09350584 0.99453900
vn 0.04985018 0.18256950 0.98192830
vn -0.01652244 0.76882600 0.63924460
vn -0.01191193 0.76704040 0.64148830
vn 0.04646401 0.03902065 0.99815760
vn 0.05198778 0.07807636 0.99559090
vn 0.07112420 0.14838650 0.98636850
vn 0.04646725 -0.03904404 0.99815650
vn 0.04983806 0.03234548 0.99823340
vn 0.07523412 0.04661043 0.99607590
vn 0.07361677 0.01835118 0.99711780
vn 0.10183550 0.01873272 0.99462480
vn 0.09743757 0.12686840 0.98712220
vn 0.02358074 0.78012470 0.62517950
vn 0.08806861 0.00058464 0.99611430
vn 0.08511159 0.12643730 0.98831660
vn 0.03710914 0.79335240 0.60763060
vn 0.08811465 0.00769093 0.99608070
vn -0.00109978 0.00009829 0.99999940
vn -0.00105872 0.00624223 0.99998000
vn -0.00062725 0.12870780 0.99168240
vn -0.13227900 0.12285080 0.98357000
vn 0.00172641 0.79025080 0.61278120
vn -0.05830736 0.77995220 0.62311700
vn -0.10786040 0.75443110 0.64745650
vn -0.13794510 0.00549519 0.99042470
vn -0.26885410 0.00481013 0.96316890
vn -0.25781600 0.10894560 0.96003210
vn -0.34568000 0.08960325 0.93406460
vn -0.01697129 0.71787040 0.69596990
vn -0.45030850 0.00833858 0.89283410
vn -0.13865270 0.34956980 0.92659410
vn -0.64802770 0.76161070 0.00301259
vn -0.27554580 0.61836650 -0.73600080
vn -0.11545190 0.99147610 -0.06038248
vn 0.19552510 0.39817960 0.89622710
vn 0.27305560 0.46279500 0.84336310
vn -0.06530251 0.99627990 -0.05623053
vn -0.01902420 0.43047400 0.90240250
vn -0.78059310 0.58983020 0.20682030
vn -0.31799980 0.40662300 -0.85646590
vn -0.53328190 0.40336240 -0.74357870
vn -0.53115170 0.01084855 -0.84720720
vn -0.65264840 -0.75765810 0.00205848
vn -0.43733920 0.01292588 0.89920370
vn -0.60411950 0.79686860 -0.00632134
vn -0.53293750 -0.00084124 -0.84615420
vn -0.62848990 -0.77781420 -0.00234718
vn -0.43848930 -0.00128030 0.89873550
vn -0.63507400 0.77245140 0.00009959
vn -0.77286450 0.60844480 0.18020960
vn -0.82240460 -0.54314300 0.16925210
vn -0.52928660 -0.36261890 -0.76704840
vn -0.50849230 0.39779450 -0.76367210
vt 0.96180210 0.42717360
vt 0.94655690 0.36188360
vt 0.95406060 0.42185740
vt 0.95397770 0.36231140
vt 0.96641840 0.36226350
vt 0.97340670 0.42281080
vt 0.95335060 0.26619080
vt 0.96589500 0.26660050
vt 0.96875780 0.22876380
vt 0.95322640 0.22741670
vt 0.96170130 0.21636900
vt 0.96950490 0.21229860
vt 0.97340670 0.21398830
vt 0.28553810 0.93810100
vt 0.26809980 0.99440270
vt 0.27903740 0.99448660
vt 0.26813410 0.93810550
vt 0.27430570 0.84592940
vt 0.25860740 0.93692830
vt 0.26335450 0.84512240
vt 0.26672350 0.80812090
vt 0.29405250 0.84550880
vt 0.28677580 0.80638520
vt 0.30472160 0.84450220
vt 0.29516150 0.93695230
vt 0.30020910 0.78877380
vt 0.28606180 0.77646090
vt 0.31156250 0.78813140
vt 0.29949080 0.76273140
vt 0.31156250 0.76225010
vt 0.29168590 0.73668340
vt 0.30337980 0.73655920
vt 0.28049930 0.71251080
vt 0.26020940 0.73703280
vt 0.27020160 0.71217130
vt 0.26664430 0.76278280
vt 0.24168670 0.69223480
vt 0.25017310 0.69305640
vt 0.22123550 0.69270430
vt 0.21747770 0.67646090
vt 0.24337450 0.71260880
vt 0.21828020 0.73749380
vt 0.20766820 0.71301230
vt 0.20242250 0.67686750
vt 0.19397670 0.69302370
vt 0.18759020 0.66083750
vt 0.19848600 0.66052170
vt 0.18235560 0.67710840
vt 0.16634930 0.69332750
vt 0.17691940 0.64235880
vt 0.18494320 0.64211380
vt 0.17715850 0.62114900
vt 0.17066070 0.62132450
vt 0.17270320 0.59760420
vt 0.16695170 0.59770850
vt 0.17048670 0.57216750
vt 0.16496590 0.57222810
vt 0.16974570 0.53468680
vt 0.17311500 0.66101380
vt 0.16633250 0.64248930
vt 0.16216450 0.62142750
vt 0.15949030 0.59779460
vt 0.15782590 0.57230650
vt 0.16400810 0.53473060
vt 0.16198260 0.67733260
vt 0.15840080 0.66117570
vt 0.15556300 0.64260770
vt 0.14479020 0.64272610
vt 0.15352040 0.62152260
vt 0.14161070 0.67755630
vt 0.16459150 0.47029780
vt 0.17135870 0.47026480
vt 0.15189990 0.59787800
vt 0.14430700 0.59796140
vt 0.15056270 0.57238620
vt 0.15656700 0.53480990
vt 0.14368320 0.66133740
vt 0.18000750 0.39011020
vt 0.17783650 0.46984480
vt 0.18741360 0.38985400
vt 0.15575250 0.47038880
vt 0.18961700 0.32397430
vt 0.19833790 0.32381390
vt 0.20136630 0.28275910
vt 0.17043140 0.39010880
vt 0.15782680 0.39020620
vt 0.17714580 0.32391080
vt 0.17863360 0.28279070
vt 0.19210640 0.28289610
vt 0.19751360 0.22682000
vt 0.20711240 0.22684600
vt 0.21767860 0.14072660
vt 0.16067880 0.32398720
vt 0.20754150 0.14048130
vt 0.22174500 0.07636514
vt 0.14500540 0.39031850
vt 0.14393200 0.32409360
vt 0.16083120 0.28284130
vt 0.14676110 0.47048560
vt 0.14899750 0.53489300
vt 0.13776710 0.47058430
vt 0.14329730 0.57246600
vt 0.14142570 0.53497610
vt 0.13385630 0.53505920
vt 0.13603420 0.57254560
vt 0.12718420 0.32427750
vt 0.13218170 0.39045930
vt 0.12877580 0.47068490
vt 0.12641540 0.53514320
vt 0.14272410 0.28293330
vt 0.11044600 0.32453890
vt 0.11936360 0.39062850
vt 0.12461690 0.28313190
vt 0.14137160 0.22637590
vt 0.12078290 0.22659590
vt 0.16196400 0.22636970
vt 0.18221510 0.22651190
vt 0.18904670 0.13968330
vt 0.10676350 0.39080780
vt 0.09399080 0.32482390
vt 0.10652170 0.28343710
vt 0.11993750 0.47078790
vt 0.10021240 0.22702950
vt 0.09719919 0.39101940
vt 0.12068050 0.53522540
vt 0.11317510 0.47090350
vt 0.12337440 0.57268470
vt 0.08976595 0.39092620
vt 0.10665370 0.47062620
vt 0.07280503 0.32519250
vt 0.08154176 0.32516110
vt 0.08873550 0.28377680
vt 0.07529060 0.28417750
vt 0.06601832 0.28424400
vt 0.05515085 0.22847370
vt 0.06474681 0.22823930
vt 0.03669479 0.14258740
vt 0.07999709 0.22760430
vt 0.04680838 0.14212800
vt 0.02672832 0.07831465
vt 0.06520770 0.14095050
vt 0.08968005 0.13981580
vt 0.11459110 0.13908570
vt 0.13953330 0.13883040
vt 0.11051330 0.07374172
vt 0.08345315 0.07470860
vt 0.05688539 0.07631341
vt 0.03695528 0.07792181
vt 0.04886844 0.04077568
vt 0.03999364 0.04051010
vt 0.06574477 0.03905204
vt 0.08814202 0.03736093
vt 0.08510064 0.01210298
vt 0.07090836 0.01672566
vt 0.11093800 0.03644050
vt 0.09281234 0.00253352
vt 0.07036813 0.01270549
vt 0.10480700 0.00073833
vt 0.09958313 0.01030702
vt 0.11539990 0.00010140
vt 0.11393870 0.00957586
vt 0.12598460 0.00000000
vt 0.13761560 0.07347300
vt 0.12831570 0.00943828
vt 0.13662690 0.00043489
vt 0.13377330 0.03621853
vt 0.14272620 0.00989497
vt 0.14877810 0.00199876
vt 0.16474180 0.07390244
vt 0.15663450 0.03669519
vt 0.16449030 0.13905070
vt 0.19143520 0.07497732
vt 0.17916850 0.03794769
vt 0.21149900 0.07618491
vt 0.19619090 0.03933746
vt 0.20503000 0.03888920
vt 0.15736120 0.01141263
vt 0.17196610 0.01575594
vt 0.17213690 0.01172278
vt 0.68623670 0.98536600
vt 0.67411580 0.95724400
vt 0.67789940 0.98156060
vt 0.68029360 0.95721660
vt 0.69571420 0.98323710
vt 0.69063430 0.99578410
vt 0.69997050 0.98758510
vt 0.69229230 0.95822170
vt 0.68989810 0.91994420
vt 0.67712740 0.91925470
vt 0.69073340 0.85543110
vt 0.67797300 0.85506260
vt 0.68120840 0.76931100
vt 0.69363490 0.76949330
vt 0.69650330 0.71373940
vt 0.68426310 0.71358670
vt 0.68786350 0.67261930
vt 0.69980760 0.67276170
vt 0.69657560 0.60687570
vt 0.70786370 0.60705840
vt 0.72073490 0.52730920
vt 0.70990120 0.52703700
vt 0.72059080 0.46247110
vt 0.73135520 0.46261570
vt 0.72304110 0.42464850
vt 0.73380170 0.42435130
vt 0.72829210 0.39793610
vt 0.71365580 0.46250810
vt 0.70286320 0.52703790
vt 0.71621040 0.42499560
vt 0.71080640 0.39965310
vt 0.71763870 0.39887210
vt 0.71586780 0.37350490
vt 0.70544510 0.37508900
vt 0.69854670 0.37628820
vt 0.69847150 0.35203180
vt 0.68118180 0.35550300
vt 0.68821440 0.35403980
vt 0.67917690 0.33333140
vt 0.66170670 0.33710790
vt 0.66885580 0.33552800
vt 0.64205630 0.32097770
vt 0.65986080 0.31718910
vt 0.64926540 0.31940780
vt 0.62287680 0.30480500
vt 0.63016620 0.30348270
vt 0.64135430 0.30162740
vt 0.62499230 0.28232440
vt 0.61299480 0.28335550
vt 0.60274880 0.25874710
vt 0.61527830 0.25861010
vt 0.61417220 0.23329240
vt 0.60151840 0.23287560
vt 0.61799380 0.20849840
vt 0.60547740 0.20771420
vt 0.63729880 0.15379350
vt 0.62505390 0.15251840
vt 0.68029270 0.06083408
vt 0.69211470 0.06244658
vt 0.73380180 0.00577884
vt 0.72563320 0.00000000
vt 0.67284180 0.05997204
vt 0.71478490 0.00363219
vt 0.84346100 0.53323360
vt 0.83934280 0.46868380
vt 0.83224550 0.46870900
vt 0.85045500 0.53324500
vt 0.85316210 0.57106970
vt 0.84626980 0.57074810
vt 0.84793840 0.59685950
vt 0.84104200 0.59610390
vt 0.82895450 0.61949210
vt 0.85018860 0.46838880
vt 0.82555310 0.38883820
vt 0.86123590 0.53307690
vt 0.83684800 0.38863310
vt 0.86394300 0.57134320
vt 0.82843320 0.32291360
vt 0.81648540 0.32307880
vt 0.81263600 0.28210580
vt 0.82487960 0.28192970
vt 0.82167780 0.22619750
vt 0.80925380 0.22640490
vt 0.81827270 0.14031000
vt 0.80552700 0.14070750
vt 0.80428460 0.07656074
vt 0.81703180 0.07583958
vt 0.81905360 0.03757508
vt 0.85861490 0.59777250
vt 0.80707350 0.03861213
vt 0.83591850 0.62066610
vt 0.84636480 0.62222870
vt 0.82914080 0.64373120
vt 0.81886370 0.64174300
vt 0.81176440 0.64030490
vt 0.79970950 0.66027560
vt 0.81004150 0.66245470
vt 0.79249090 0.65872150
vt 0.78035380 0.67640630
vt 0.77306950 0.67486360
vt 0.75416060 0.69103820
vt 0.79094650 0.67861000
vt 0.76153390 0.69233070
vt 0.77270030 0.69417360
vt 0.74470920 0.71244580
vt 0.75666130 0.71346690
vt 0.73479000 0.73704240
vt 0.74725550 0.73717110
vt 0.73380180 0.76296230
vt 0.74638350 0.76253530
vt 0.75049350 0.78810390
vt 0.73805100 0.78890200
vt 0.75736960 0.84538890
vt 0.76957090 0.84410110
vt 0.81117150 0.93859910
vt 0.82305280 0.93685980
vt 0.85578090 1.00000000
vt 0.86394300 0.99418820
vt 0.80383140 0.93923420
vt 0.84501800 0.99625280
vt 0.87695840 0.42972380
vt 0.86394300 0.42766290
vt 0.86431530 0.43465240
vt 0.87695840 0.43571270
vt 0.90328930 0.19530570
vt 0.90328930 0.18681000
vt 0.89239210 0.18845310
vt 0.89239070 0.19380260
vt 0.80426870 0.01427304
vt 0.80082430 0.03860086
vt 0.81258820 0.01044414
vt 0.82212460 0.01255086
vt 0.81674860 0.00000000
vt 0.82623330 0.00818486
vt 0.11775480 0.93809370
vt 0.12380800 0.99341200
vt 0.13474630 0.99349450
vt 0.13517820 0.93809280
vt 0.12892770 0.84726960
vt 0.14482770 0.93691730
vt 0.13995460 0.84623180
vt 0.13652010 0.80950210
vt 0.10880460 0.84745200
vt 0.09778615 0.84663250
vt 0.10823720 0.93693920
vt 0.09245786 0.80997200
vt 0.11447530 0.80935060
vt 0.12794640 0.79957660
vt 0.14260470 0.79433920
vt 0.14691840 0.79729560
vt 0.15711300 0.79255470
vt 0.13469750 0.78991810
vt 0.11240410 0.78997910
vt 0.11161840 0.77731800
vt 0.09870408 0.79989460
vt 0.08996247 0.79039850
vt 0.08939113 0.78195350
vt 0.08275337 0.79497280
vt 0.07912072 0.79800820
vt 0.06775633 0.79331960
vt 0.06728896 0.78784550
vt 0.04596663 0.79040720
vt 0.06683664 0.77752390
vt 0.05349519 0.79465930
vt 0.05813818 0.79747450
vt 0.04929738 0.80912600
vt 0.04524892 0.78231410
vt 0.02676601 0.77908700
vt 0.08888572 0.76471030
vt 0.04493900 0.76519860
vt 0.03992352 0.79937580
vt 0.03136536 0.79020070
vt 0.02906948 0.80782200
vt 0.04644464 0.84646900
vt 0.05742422 0.84544120
vt 0.07092553 0.93602280
vt 0.06126056 0.93726650
vt 0.04382951 0.93726580
vt 0.06440234 0.99273560
vt 0.05346290 0.99265400
vt 0.02663633 0.84641570
vt 0.01374409 0.79110320
vt 0.01595409 0.84556470
vt 0.03431218 0.93606940
vt 0.00233867 0.79069530
vt 0.00000000 0.76561780
vt 0.01211679 0.76583580
vt 0.00582557 0.73982690
vt 0.04900816 0.73935230
vt 0.01753204 0.73969400
vt 0.03673700 0.71473570
vt 0.02646799 0.71530130
vt 0.09093732 0.73889250
vt 0.06357642 0.71458380
vt 0.06337659 0.69419340
vt 0.05496162 0.69520070
vt 0.13339880 0.73842610
vt 0.13349850 0.76422210
vt 0.15636910 0.77657660
vt 0.17808540 0.76373240
vt 0.20114470 0.77633490
vt 0.22269790 0.76324220
vt 0.13420370 0.78146780
vt 0.15684740 0.78697780
vt 0.17926010 0.78942850
vt 0.17179780 0.79401920
vt 0.16783240 0.79707320
vt 0.17973320 0.80904870
vt 0.17896180 0.78097610
vt 0.17581880 0.73796020
vt 0.18703920 0.79893330
vt 0.20155230 0.78900060
vt 0.20173120 0.80842490
vt 0.19211450 0.84670110
vt 0.18110130 0.84588140
vt 0.19433790 0.93811790
vt 0.18480390 0.93703220
vt 0.21223330 0.84651890
vt 0.21628090 0.79861410
vt 0.22399350 0.78893720
vt 0.22379210 0.80858230
vt 0.23164500 0.79336290
vt 0.23561430 0.79634040
vt 0.22326030 0.84551630
vt 0.22138140 0.93704630
vt 0.21175710 0.93811770
vt 0.20798500 0.99423130
vt 0.19704720 0.99414750
vt 0.24643030 0.79157390
vt 0.22377350 0.78048380
vt 0.24638740 0.78599420
vt 0.24589620 0.77559300
vt 0.26079440 0.79304160
vt 0.25646130 0.79609470
vt 0.26790800 0.78844740
vt 0.26789390 0.78002540
vt 0.17152760 0.71340950
vt 0.27485400 0.79793680
vt 0.28247870 0.78810350
vt 0.13542440 0.71380620
vt 0.13873740 0.69363080
vt 0.11111000 0.69393380
vt 0.09928371 0.71420290
vt 0.12123760 0.67777970
vt 0.08384949 0.69421330
vt 0.10116900 0.67797960
vt 0.08609246 0.67790390
vt 0.12896890 0.66149870
vt 0.11449230 0.66164030
vt 0.10357920 0.66156400
vt 0.11539510 0.64287750
vt 0.13402070 0.64284410
vt 0.12343260 0.64294610
vt 0.12773240 0.62179580
vt 0.12122590 0.62176310
vt 0.12925490 0.59812240
vt 0.12350050 0.59814430
vt 0.13622940 0.62171230
vt 0.12889430 0.57262400
vt 0.13671660 0.59804460
vt 0.14487360 0.62161760
vt 0.98105160 0.27720810
vt 0.98053630 0.21748750
vt 0.97340680 0.27743260
vt 0.98828950 0.21229860
vt 1.00000000 0.21661080
vt 0.99335590 0.27713410
vt 0.99265880 0.37265400
vt 0.98008280 0.37305810
vt 0.99539330 0.41047550
vt 0.97985850 0.41176530
vt 0.98826550 0.42282180
vt 0.99600230 0.42689280
vt 1.00000000 0.42523760
vt 0.87159250 0.27731620
vt 0.87221090 0.21715100
vt 0.86394300 0.27741480
vt 0.88067060 0.21229860
vt 0.89170830 0.21682600
vt 0.88385610 0.27737160
vt 0.88384280 0.37333350
vt 0.87126420 0.37364210
vt 0.88695840 0.41124820
vt 0.87140040 0.41244760
vt 0.87994690 0.42356700
vt 0.88773410 0.42766290
vt 0.89170830 0.42604470
vt 0.90348710 0.21229860
vt 0.90348710 0.20380060
vt 0.89239540 0.20555100
vt 0.89239070 0.21090100
vt 0.88130700 0.21229860
vt 0.86394300 0.14757510
vt 0.87300930 0.20733080
vt 0.87136240 0.14781530
vt 0.88377910 0.14761550
vt 0.89239070 0.20767520
vt 0.88381360 0.05257612
vt 0.87125650 0.05226555
vt 0.88752860 0.01525307
vt 0.87197590 0.01397872
vt 0.88064600 0.00346896
vt 0.88839630 0.00000000
vt 0.89239070 0.00120742
vt 0.89239570 0.20207000
vt 0.90342460 0.20380060
vt 0.90342460 0.19530570
vt 0.89239070 0.19672090
vt 0.90009130 0.42066200
vt 0.89912820 0.36148320
vt 0.89170830 0.36116300
vt 0.90815170 0.42576470
vt 0.91946450 0.42125110
vt 0.91155480 0.36134920
vt 0.91125970 0.26641590
vt 0.89871230 0.26602210
vt 0.91458010 0.22869720
vt 0.89903930 0.22738330
vt 0.90770750 0.21635050
vt 0.91559800 0.21229860
vt 0.91946450 0.21396560
vt 0.41754970 0.00168747
vt 0.43241500 0.00744159
vt 0.43491840 0.00149348
vt 0.42021850 0.00756859
vt 0.41470560 0.06337350
vt 0.43403850 0.06331195
vt 0.40728340 0.15336820
vt 0.42914580 0.15349300
vt 0.41443890 0.19082670
vt 0.39143210 0.18984460
vt 0.43747110 0.19017130
vt 0.39806700 0.20005150
vt 0.38224050 0.20471140
vt 0.38975200 0.20928280
vt 0.36799570 0.20615720
vt 0.41268630 0.20974030
vt 0.43546750 0.20959680
vt 0.41211940 0.22228040
vt 0.42882650 0.20027850
vt 0.44353310 0.20513310
vt 0.43482000 0.21800120
vt 0.45718350 0.21230270
vt 0.45736170 0.20656280
vt 0.47906770 0.20988810
vt 0.47129940 0.20531360
vt 0.47871850 0.19041590
vt 0.45688750 0.22270030
vt 0.48641740 0.20065080
vt 0.50171200 0.19136980
vt 0.49060740 0.15375180
vt 0.47921390 0.21830080
vt 0.51246420 0.15384030
vt 0.51061460 0.06277976
vt 0.49129130 0.06287714
vt 0.50562550 0.00604258
vt 0.49343510 0.00619683
vt 0.49018740 0.00039189
vt 0.50755110 0.00017648
vt 0.52475070 0.19068800
vt 0.50166330 0.22288520
vt 0.47882750 0.23530360
vt 0.50185180 0.21033880
vt 0.52477470 0.21018650
vt 0.51717370 0.20084000
vt 0.53257630 0.20571160
vt 0.43424480 0.23500200
vt 0.52440740 0.21860250
vt 0.54650600 0.22330990
vt 0.54672530 0.21291070
vt 0.54667420 0.20716660
vt 0.56771730 0.21052990
vt 0.56027340 0.20593690
vt 0.56568620 0.19100600
vt 0.52347860 0.23560500
vt 0.57414930 0.20133650
vt 0.57275440 0.15420990
vt 0.58669920 0.19315580
vt 0.59430190 0.15456440
vt 0.58440380 0.06263011
vt 0.56508880 0.06274152
vt 0.56449560 0.00609818
vt 0.57669030 0.00594049
vt 0.57871810 0.00000000
vt 0.56135120 0.00021794
vt 0.60151830 0.21040530
vt 0.58716930 0.22251860
vt 0.60151840 0.23590430
vt 0.58273790 0.21102850
vt 0.56836730 0.21890130
vt 0.56782930 0.23590500
vt 0.59430810 0.26108670
vt 0.56195370 0.26072690
vt 0.57355850 0.28437810
vt 0.51954250 0.26038550
vt 0.54570090 0.28368020
vt 0.54603400 0.30319370
vt 0.47704890 0.26009680
vt 0.50941840 0.28329250
vt 0.52422150 0.30221640
vt 0.52301800 0.31846790
vt 0.43462170 0.25980960
vt 0.49614970 0.30178230
vt 0.38959040 0.23470110
vt 0.36725520 0.22213140
vt 0.38961950 0.21769730
vt 0.36761180 0.21180250
vt 0.34673560 0.20950050
vt 0.35443770 0.20518780
vt 0.34090120 0.20089950
vt 0.32915620 0.19282670
vt 0.35027880 0.19093700
vt 0.34673150 0.15470120
vt 0.32513080 0.15484370
vt 0.34079250 0.06460013
vt 0.36014110 0.06456479
vt 0.36209790 0.00870931
vt 0.34989600 0.00882048
vt 0.34744610 0.00288892
vt 0.36481950 0.00270743
vt 0.31300950 0.20927910
vt 0.32664360 0.22097690
vt 0.31156250 0.23399420
vt 0.33170340 0.20998880
vt 0.34563880 0.21754530
vt 0.34523700 0.23441800
vt 0.31735320 0.25921300
vt 0.34971350 0.25929080
vt 0.33677040 0.28277560
vt 0.39212780 0.25952320
vt 0.36465520 0.28245490
vt 0.36320530 0.30195640
vt 0.40094580 0.28255840
vt 0.43712660 0.28279630
vt 0.41314890 0.30122060
vt 0.38506330 0.30127470
vt 0.40229580 0.31672300
vt 0.38532950 0.31753630
vt 0.41546720 0.33304860
vt 0.40202410 0.33382350
vt 0.41305940 0.35277860
vt 0.42355610 0.31656040
vt 0.47323790 0.28304070
vt 0.46846130 0.30158120
vt 0.44083820 0.30139430
vt 0.48485990 0.31697520
vt 0.46440060 0.31682000
vt 0.44401630 0.31668210
vt 0.43155880 0.33286390
vt 0.44637500 0.33295110
vt 0.50610270 0.31742550
vt 0.46110110 0.33305080
vt 0.49199140 0.33356630
vt 0.50538720 0.33452280
vt 0.47591650 0.33316400
vt 0.48202850 0.35252740
vt 0.49326160 0.35332110
vt 0.48677510 0.37503500
vt 0.46945400 0.35222180
vt 0.45857500 0.35213920
vt 0.47644460 0.37446330
vt 0.48335640 0.39968790
vt 0.46564330 0.37425050
vt 0.45687720 0.37418370
vt 0.44779750 0.35206630
vt 0.46336280 0.39923840
vt 0.47336420 0.39937450
vt 0.44822620 0.37412520
vt 0.43691800 0.35200180
vt 0.47189730 0.42613310
vt 0.48180240 0.42621570
vt 0.48152930 0.46444830
vt 0.46211640 0.42605950
vt 0.45563560 0.39918170
vt 0.47156060 0.46451390
vt 0.48386250 0.52901890
vt 0.45471040 0.42600940
vt 0.46150430 0.46447700
vt 0.47327180 0.52915410
vt 0.49401040 0.60886420
vt 0.45378680 0.46442740
vt 0.44803820 0.39913030
vt 0.46203020 0.52912430
vt 0.46612230 0.60901730
vt 0.48098090 0.60904120
vt 0.50556510 0.67481680
vt 0.48970660 0.67502840
vt 0.49240000 0.71612880
vt 0.50926450 0.71587490
vt 0.51521380 0.77177400
vt 0.45277540 0.52904720
vt 0.47083400 0.67502860
vt 0.45310910 0.67495880
vt 0.45270430 0.60891740
vt 0.44357070 0.52898500
vt 0.49677020 0.77227660
vt 0.52579960 0.85799810
vt 0.47204940 0.71617720
vt 0.47410690 0.77257600
vt 0.50455220 0.85899650
vt 0.50760760 0.92390470
vt 0.53016790 0.92263930
vt 0.51530470 0.96052040
vt 0.47790610 0.85981460
vt 0.45239090 0.77266790
vt 0.49577060 0.96161660
vt 0.49094780 0.98487510
vt 0.47416410 0.98881280
vt 0.47901780 0.92507300
vt 0.47129180 0.96267450
vt 0.45763050 0.98989880
vt 0.46298840 0.99643800
vt 0.45086530 0.99805300
vt 0.44775750 0.96323680
vt 0.44264870 0.99037670
vt 0.42409510 0.96310530
vt 0.44023110 0.99853270
vt 0.42767940 0.99029560
vt 0.42964480 0.99847600
vt 0.41273020 0.98965630
vt 0.41904120 0.99788360
vt 0.40701520 0.99613910
vt 0.39626740 0.98838880
vt 0.45108880 0.92563960
vt 0.45198570 0.86016090
vt 0.40060140 0.96228230
vt 0.42288100 0.92547750
vt 0.39499510 0.92459090
vt 0.42567950 0.86000150
vt 0.43021390 0.77252390
vt 0.39979000 0.85934230
vt 0.36648320 0.92309100
vt 0.37619370 0.96094850
vt 0.35673510 0.95962710
vt 0.37971620 0.98426290
vt 0.34400790 0.92155920
vt 0.37320170 0.85820040
vt 0.35202400 0.85694070
vt 0.36747650 0.77081290
vt 0.38587840 0.77155630
vt 0.40851350 0.77215040
vt 0.39341620 0.71546020
vt 0.37657950 0.71497860
vt 0.41375320 0.71578340
vt 0.39842760 0.67441100
vt 0.38259310 0.67398490
vt 0.39786100 0.60821390
vt 0.43301810 0.71601930
vt 0.41729060 0.67466640
vt 0.41087150 0.60856710
vt 0.45277610 0.71615270
vt 0.43501100 0.67483640
vt 0.42572470 0.60874400
vt 0.43914260 0.60882570
vt 0.43431510 0.52893690
vt 0.42307640 0.52881470
vt 0.41250060 0.52853640
vt 0.44619650 0.46437610
vt 0.42842480 0.46422230
vt 0.41846690 0.46402190
vt 0.43847920 0.46432130
vt 0.44744010 0.42596030
vt 0.44003410 0.42591020
vt 0.43025290 0.42585160
vt 0.43030570 0.39908340
vt 0.42035040 0.42580020
vt 0.42030290 0.39926140
vt 0.41829440 0.37457190
vt 0.44031080 0.39908260
vt 0.43945960 0.37407340
vt 0.42865050 0.37414020
vt 0.42433090 0.35213710
vt 0.94191880 0.40905390
vt 0.94262430 0.42565170
vt 0.94655690 0.42377470
vt 0.93483870 0.42146910
vt 0.92642380 0.41045560
vt 0.92652330 0.37185190
vt 0.93909140 0.37138670
vt 0.93939510 0.27659570
vt 0.92711370 0.27665760
vt 0.94655690 0.21668580
vt 0.93521700 0.21229860
vt 0.91946450 0.27685860
vt 0.92707590 0.21734360
vt 0.90299920 0.43439870
vt 0.90299920 0.42766290
vt 0.89036740 0.42946260
vt 0.89000500 0.43563370
vt 0.89000500 0.42892010
vt 0.87695840 0.42766290
vt 0.87736860 0.43385360
vt 0.89000500 0.43565530
vt 0.90296230 0.18681000
vt 0.90296230 0.17831660
vt 0.89239070 0.17968000
vt 0.89239650 0.18502930
f 3/3/3 2/2/2 1/1/1
f 2/2/2 4/4/4 1/1/1
f 4/4/4 5/5/5 1/1/1
f 5/5/5 6/6/6 1/1/1
f 5/5/5 4/4/4 7/7/7
f 8/8/8 5/5/5 7/7/7
f 8/8/8 7/7/7 9/9/9
f 7/7/7 10/10/10 9/9/9
f 10/10/10 11/11/11 9/9/9
f 9/9/9 11/11/11 12/12/12
f 13/13/13 9/9/9 12/12/12
f 16/16/16 15/15/15 14/14/14
f 15/15/15 17/17/17 14/14/14
f 14/14/14 17/17/17 18/18/18
f 17/17/17 19/19/19 18/18/18
f 19/19/19 20/20/20 18/18/18
f 21/21/21 18/18/18 20/20/20
f 22/22/22 14/14/14 18/18/18
f 18/18/18 21/21/21 23/23/23
f 22/22/22 18/18/18 23/23/23
f 22/22/22 24/24/24 14/14/14
f 24/24/24 25/25/25 14/14/14
f 22/22/22 26/26/26 24/24/24
f 26/26/26 22/22/22 23/23/23
f 27/27/27 26/26/26 23/23/23
f 26/26/26 28/28/28 24/24/24
f 26/26/26 29/29/29 28/28/28
f 29/29/29 26/26/26 27/27/27
f 29/29/29 30/30/30 28/28/28
f 29/29/29 31/31/31 30/30/30
f 31/31/31 32/32/32 30/30/30
f 33/33/33 32/32/32 31/31/31
f 31/31/31 29/29/29 34/34/34
f 35/35/35 33/33/33 31/31/31
f 35/35/35 31/31/31 34/34/34
f 36/36/36 29/29/29 27/27/27
f 29/29/29 36/36/36 34/34/34
f 35/35/35 37/37/37 33/33/33
f 37/37/37 38/38/38 33/33/33
f 37/37/37 35/35/35 39/39/39
f 40/40/40 37/37/37 39/39/39
f 41/41/41 35/35/35 34/34/34
f 35/35/35 41/41/41 39/39/39
f 34/34/34 42/42/42 41/41/41
f 34/34/34 36/36/36 42/42/42
f 39/39/39 41/41/41 43/43/43
f 42/42/42 43/43/43 41/41/41
f 44/44/44 40/40/40 39/39/39
f 45/45/45 39/39/39 43/43/43
f 39/39/39 45/45/45 44/44/44
f 40/40/40 44/44/44 46/46/46
f 47/47/47 40/40/40 46/46/46
f 45/45/45 48/48/48 44/44/44
f 46/46/46 44/44/44 48/48/48
f 49/49/49 45/45/45 43/43/43
f 45/45/45 49/49/49 48/48/48
f 47/47/47 46/46/46 50/50/50
f 51/51/51 47/47/47 50/50/50
f 51/51/51 50/50/50 52/52/52
f 50/50/50 53/53/53 52/52/52
f 54/54/54 52/52/52 53/53/53
f 55/55/55 54/54/54 53/53/53
f 54/54/54 55/55/55 56/56/56
f 55/55/55 57/57/57 56/56/56
f 56/56/56 57/57/57 58/58/58
f 59/59/59 46/46/46 48/48/48
f 50/50/50 46/46/46 60/60/60
f 46/46/46 59/59/59 60/60/60
f 61/61/61 53/53/53 50/50/50
f 60/60/60 61/61/61 50/50/50
f 55/55/55 53/53/53 62/62/62
f 53/53/53 61/61/61 62/62/62
f 63/63/63 57/57/57 55/55/55
f 62/62/62 63/63/63 55/55/55
f 57/57/57 64/64/64 58/58/58
f 64/64/64 57/57/57 63/63/63
f 59/59/59 48/48/48 65/65/65
f 49/49/49 65/65/65 48/48/48
f 59/59/59 66/66/66 60/60/60
f 66/66/66 59/59/59 65/65/65
f 61/61/61 60/60/60 67/67/67
f 66/66/66 67/67/67 60/60/60
f 68/68/68 67/67/67 66/66/66
f 69/69/69 61/61/61 67/67/67
f 61/61/61 69/69/69 62/62/62
f 69/69/69 67/67/67 68/68/68
f 66/66/66 65/65/65 70/70/70
f 70/70/70 65/65/65 49/49/49
f 58/58/58 64/64/64 71/71/71
f 72/72/72 58/58/58 71/71/71
f 69/69/69 73/73/73 62/62/62
f 74/74/74 73/73/73 69/69/69
f 63/63/63 62/62/62 73/73/73
f 75/75/75 63/63/63 73/73/73
f 75/75/75 73/73/73 74/74/74
f 76/76/76 64/64/64 63/63/63
f 76/76/76 63/63/63 75/75/75
f 77/77/77 66/66/66 70/70/70
f 77/77/77 68/68/68 66/66/66
f 78/78/78 72/72/72 71/71/71
f 72/72/72 78/78/78 79/79/79
f 78/78/78 80/80/80 79/79/79
f 64/64/64 76/76/76 81/81/81
f 71/71/71 64/64/64 81/81/81
f 78/78/78 82/82/82 80/80/80
f 82/82/82 83/83/83 80/80/80
f 84/84/84 83/83/83 82/82/82
f 85/85/85 78/78/78 71/71/71
f 86/86/86 85/85/85 71/71/71
f 81/81/81 86/86/86 71/71/71
f 85/85/85 87/87/87 78/78/78
f 87/87/87 82/82/82 78/78/78
f 87/87/87 85/85/85 86/86/86
f 87/87/87 88/88/88 82/82/82
f 89/89/89 84/84/84 82/82/82
f 88/88/88 89/89/89 82/82/82
f 89/89/89 90/90/90 84/84/84
f 89/89/89 88/88/88 90/90/90
f 90/90/90 91/91/91 84/84/84
f 92/92/92 91/91/91 90/90/90
f 93/93/93 87/87/87 86/86/86
f 87/87/87 93/93/93 88/88/88
f 94/94/94 92/92/92 90/90/90
f 95/95/95 92/92/92 94/94/94
f 96/96/96 86/86/86 81/81/81
f 97/97/97 93/93/93 86/86/86
f 96/96/96 97/97/97 86/86/86
f 93/93/93 98/98/98 88/88/88
f 98/98/98 93/93/93 97/97/97
f 99/99/99 96/96/96 81/81/81
f 81/81/81 76/76/76 99/99/99
f 76/76/76 100/100/100 99/99/99
f 100/100/100 76/76/76 75/75/75
f 96/96/96 99/99/99 101/101/101
f 99/99/99 100/100/100 101/101/101
f 100/100/100 75/75/75 102/102/102
f 102/102/102 75/75/75 74/74/74
f 100/100/100 103/103/103 101/101/101
f 103/103/103 100/100/100 102/102/102
f 103/103/103 102/102/102 104/104/104
f 103/103/103 104/104/104 101/101/101
f 102/102/102 74/74/74 105/105/105
f 102/102/102 105/105/105 104/104/104
f 106/106/106 97/97/97 96/96/96
f 107/107/107 96/96/96 101/101/101
f 107/107/107 106/106/106 96/96/96
f 104/104/104 108/108/108 101/101/101
f 107/107/107 101/101/101 108/108/108
f 109/109/109 104/104/104 105/105/105
f 108/108/108 104/104/104 109/109/109
f 110/110/110 97/97/97 106/106/106
f 110/110/110 98/98/98 97/97/97
f 111/111/111 106/106/106 107/107/107
f 112/112/112 107/107/107 108/108/108
f 112/112/112 111/111/111 107/107/107
f 113/113/113 110/110/110 106/106/106
f 106/106/106 111/111/111 113/113/113
f 110/110/110 114/114/114 98/98/98
f 113/113/113 115/115/115 110/110/110
f 115/115/115 114/114/114 110/110/110
f 114/114/114 116/116/116 98/98/98
f 88/88/88 98/98/98 116/116/116
f 117/117/117 88/88/88 116/116/116
f 88/88/88 117/117/117 90/90/90
f 90/90/90 117/117/117 118/118/118
f 117/117/117 116/116/116 118/118/118
f 94/94/94 90/90/90 118/118/118
f 119/119/119 112/112/112 108/108/108
f 120/120/120 111/111/111 112/112/112
f 119/119/119 120/120/120 112/112/112
f 111/111/111 121/121/121 113/113/113
f 111/111/111 120/120/120 121/121/121
f 122/122/122 119/119/119 108/108/108
f 122/122/122 108/108/108 109/109/109
f 113/113/113 121/121/121 123/123/123
f 115/115/115 113/113/113 123/123/123
f 120/120/120 119/119/119 124/124/124
f 124/124/124 119/119/119 122/122/122
f 122/122/122 109/109/109 125/125/125
f 126/126/126 122/122/122 125/125/125
f 126/126/126 124/124/124 122/122/122
f 127/127/127 125/125/125 109/109/109
f 124/124/124 126/126/126 128/128/128
f 126/126/126 129/129/129 128/128/128
f 124/124/124 128/128/128 130/130/130
f 131/131/131 120/120/120 124/124/124
f 131/131/131 124/124/124 130/130/130
f 120/120/120 132/132/132 121/121/121
f 120/120/120 131/131/131 132/132/132
f 131/131/131 130/130/130 133/133/133
f 131/131/131 133/133/133 132/132/132
f 130/130/130 134/134/134 133/133/133
f 133/133/133 134/134/134 135/135/135
f 136/136/136 133/133/133 135/135/135
f 132/132/132 133/133/133 136/136/136
f 136/136/136 135/135/135 137/137/137
f 132/132/132 138/138/138 121/121/121
f 138/138/138 132/132/132 136/136/136
f 138/138/138 123/123/123 121/121/121
f 139/139/139 136/136/136 137/137/137
f 139/139/139 137/137/137 140/140/140
f 138/138/138 136/136/136 141/141/141
f 123/123/123 138/138/138 141/141/141
f 136/136/136 139/139/139 141/141/141
f 142/142/142 123/123/123 141/141/141
f 123/123/123 142/142/142 115/115/115
f 142/142/142 143/143/143 115/115/115
f 115/115/115 143/143/143 114/114/114
f 143/143/143 144/144/144 114/114/114
f 114/114/114 144/144/144 116/116/116
f 145/145/145 143/143/143 142/142/142
f 143/143/143 145/145/145 144/144/144
f 146/146/146 142/142/142 141/141/141
f 146/146/146 145/145/145 142/142/142
f 147/147/147 141/141/141 139/139/139
f 147/147/147 146/146/146 141/141/141
f 148/148/148 139/139/139 140/140/140
f 148/148/148 147/147/147 139/139/139
f 148/148/148 140/140/140 149/149/149
f 140/140/140 150/150/150 149/149/149
f 147/147/147 148/148/148 151/151/151
f 148/148/148 149/149/149 151/151/151
f 146/146/146 147/147/147 152/152/152
f 147/147/147 151/151/151 152/152/152
f 151/151/151 149/149/149 153/153/153
f 152/152/152 151/151/151 153/153/153
f 149/149/149 154/154/154 153/153/153
f 145/145/145 146/146/146 155/155/155
f 146/146/146 152/152/152 155/155/155
f 153/153/153 154/154/154 156/156/156
f 154/154/154 157/157/157 156/156/156
f 153/153/153 156/156/156 158/158/158
f 159/159/159 153/153/153 158/158/158
f 159/159/159 152/152/152 153/153/153
f 159/159/159 158/158/158 160/160/160
f 159/159/159 161/161/161 152/152/152
f 161/161/161 159/159/159 160/160/160
f 161/161/161 155/155/155 152/152/152
f 161/161/161 160/160/160 162/162/162
f 145/145/145 155/155/155 163/163/163
f 145/145/145 163/163/163 144/144/144
f 164/164/164 161/161/161 162/162/162
f 164/164/164 162/162/162 165/165/165
f 155/155/155 161/161/161 166/166/166
f 155/155/155 166/166/166 163/163/163
f 161/161/161 164/164/164 166/166/166
f 167/167/167 164/164/164 165/165/165
f 166/166/166 164/164/164 167/167/167
f 167/167/167 165/165/165 168/168/168
f 163/163/163 169/169/169 144/144/144
f 163/163/163 166/166/166 169/169/169
f 170/170/170 166/166/166 167/167/167
f 166/166/166 170/170/170 169/169/169
f 169/169/169 171/171/171 144/144/144
f 144/144/144 171/171/171 116/116/116
f 116/116/116 171/171/171 118/118/118
f 118/118/118 171/171/171 169/169/169
f 172/172/172 118/118/118 169/169/169
f 172/172/172 169/169/169 170/170/170
f 118/118/118 172/172/172 94/94/94
f 173/173/173 170/170/170 167/167/167
f 173/173/173 172/172/172 170/170/170
f 172/172/172 174/174/174 94/94/94
f 174/174/174 172/172/172 173/173/173
f 174/174/174 95/95/95 94/94/94
f 174/174/174 175/175/175 95/95/95
f 175/175/175 174/174/174 173/173/173
f 175/175/175 176/176/176 95/95/95
f 177/177/177 173/173/173 167/167/167
f 175/175/175 173/173/173 177/177/177
f 177/177/177 167/167/167 168/168/168
f 178/178/178 175/175/175 177/177/177
f 177/177/177 168/168/168 178/178/178
f 168/168/168 179/179/179 178/178/178
f 182/182/182 181/181/181 180/180/180
f 181/181/181 183/183/183 180/180/180
f 184/184/184 180/180/180 183/183/183
f 180/180/180 184/184/184 185/185/185
f 184/184/184 186/186/186 185/185/185
f 187/187/187 184/184/184 183/183/183
f 188/188/188 187/187/187 183/183/183
f 189/189/189 188/188/188 183/183/183
f 190/190/190 188/188/188 189/189/189
f 191/191/191 190/190/190 189/189/189
f 190/190/190 191/191/191 192/192/192
f 193/193/193 190/190/190 192/192/192
f 194/194/194 193/193/193 192/192/192
f 195/195/195 194/194/194 192/192/192
f 194/194/194 195/195/195 196/196/196
f 197/197/197 194/194/194 196/196/196
f 197/197/197 196/196/196 198/198/198
f 199/199/199 197/197/197 198/198/198
f 200/200/200 199/199/199 198/198/198
f 201/201/201 200/200/200 198/198/198
f 200/200/200 201/201/201 202/202/202
f 203/203/203 200/200/200 202/202/202
f 203/203/203 202/202/202 204/204/204
f 205/205/205 203/203/203 204/204/204
f 205/205/205 204/204/204 206/206/206
f 207/207/207 202/202/202 201/201/201
f 204/204/204 202/202/202 207/207/207
f 208/208/208 207/207/207 201/201/201
f 209/209/209 204/204/204 207/207/207
f 209/209/209 210/210/210 204/204/204
f 204/204/204 211/211/211 206/206/206
f 210/210/210 211/211/211 204/204/204
f 212/212/212 206/206/206 211/211/211
f 213/213/213 211/211/211 210/210/210
f 213/213/213 212/212/212 211/211/211
f 214/214/214 213/213/213 210/210/210
f 212/212/212 213/213/213 215/215/215
f 214/214/214 216/216/216 213/213/213
f 213/213/213 217/217/217 215/215/215
f 216/216/216 217/217/217 213/213/213
f 218/218/218 215/215/215 217/217/217
f 216/216/216 219/219/219 217/217/217
f 220/220/220 218/218/218 217/217/217
f 219/219/219 220/220/220 217/217/217
f 219/219/219 221/221/221 220/220/220
f 218/218/218 220/220/220 222/222/222
f 221/221/221 223/223/223 220/220/220
f 220/220/220 223/223/223 222/222/222
f 221/221/221 224/224/224 223/223/223
f 224/224/224 225/225/225 223/223/223
f 222/222/222 223/223/223 225/225/225
f 226/226/226 222/222/222 225/225/225
f 227/227/227 226/226/226 225/225/225
f 228/228/228 227/227/227 225/225/225
f 227/227/227 228/228/228 229/229/229
f 230/230/230 227/227/227 229/229/229
f 231/231/231 230/230/230 229/229/229
f 232/232/232 231/231/231 229/229/229
f 231/231/231 232/232/232 233/233/233
f 232/232/232 234/234/234 233/233/233
f 235/235/235 233/233/233 234/234/234
f 236/236/236 235/235/235 234/234/234
f 235/235/235 236/236/236 237/237/237
f 238/238/238 235/235/235 237/237/237
f 239/239/239 238/238/238 237/237/237
f 240/240/240 239/239/239 237/237/237
f 240/240/240 237/237/237 241/241/241
f 242/242/242 240/240/240 241/241/241
f 245/245/245 244/244/244 243/243/243
f 244/244/244 246/246/246 243/243/243
f 243/243/243 246/246/246 247/247/247
f 248/248/248 243/243/243 247/247/247
f 248/248/248 247/247/247 249/249/249
f 250/250/250 248/248/248 249/249/249
f 250/250/250 249/249/249 251/251/251
f 244/244/244 252/252/252 246/246/246
f 252/252/252 244/244/244 253/253/253
f 252/252/252 254/254/254 246/246/246
f 255/255/255 252/252/252 253/253/253
f 254/254/254 256/256/256 246/246/246
f 256/256/256 247/247/247 246/246/246
f 249/249/249 247/247/247 256/256/256
f 257/257/257 255/255/255 253/253/253
f 258/258/258 257/257/257 253/253/253
f 257/257/257 258/258/258 259/259/259
f 260/260/260 257/257/257 259/259/259
f 260/260/260 259/259/259 261/261/261
f 259/259/259 262/262/262 261/261/261
f 263/263/263 261/261/261 262/262/262
f 264/264/264 263/263/263 262/262/262
f 263/263/263 264/264/264 265/265/265
f 266/266/266 263/263/263 265/265/265
f 267/267/267 266/266/266 265/265/265
f 268/268/268 249/249/249 256/256/256
f 269/269/269 267/267/267 265/265/265
f 249/249/249 268/268/268 270/270/270
f 268/268/268 271/271/271 270/270/270
f 249/249/249 270/270/270 251/251/251
f 271/271/271 272/272/272 270/270/270
f 251/251/251 270/270/270 273/273/273
f 272/272/272 273/273/273 270/270/270
f 274/274/274 251/251/251 273/273/273
f 275/275/275 273/273/273 272/272/272
f 274/274/274 273/273/273 275/275/275
f 276/276/276 275/275/275 272/272/272
f 277/277/277 274/274/274 275/275/275
f 275/275/275 276/276/276 278/278/278
f 277/277/277 275/275/275 278/278/278
f 279/279/279 277/277/277 278/278/278
f 279/279/279 278/278/278 280/280/280
f 276/276/276 281/281/281 278/278/278
f 278/278/278 282/282/282 280/280/280
f 278/278/278 281/281/281 282/282/282
f 281/281/281 283/283/283 282/282/282
f 284/284/284 282/282/282 283/283/283
f 285/285/285 284/284/284 283/283/283
f 284/284/284 285/285/285 286/286/286
f 285/285/285 287/287/287 286/286/286
f 286/286/286 287/287/287 288/288/288
f 287/287/287 289/289/289 288/288/288
f 289/289/289 290/290/290 288/288/288
f 290/290/290 291/291/291 288/288/288
f 291/291/291 290/290/290 292/292/292
f 290/290/290 293/293/293 292/292/292
f 292/292/292 293/293/293 294/294/294
f 293/293/293 295/295/295 294/294/294
f 296/296/296 294/294/294 295/295/295
f 297/297/297 296/296/296 295/295/295
f 298/298/298 294/294/294 296/296/296
f 299/299/299 298/298/298 296/296/296
f 302/302/302 301/301/301 300/300/300
f 303/303/303 302/302/302 300/300/300
f 306/306/306 305/305/305 304/304/304
f 307/307/307 306/306/306 304/304/304
f 309/309/309 308/308/308 269/269/269
f 308/308/308 310/310/310 269/269/269
f 267/267/267 269/269/269 310/310/310
f 311/311/311 267/267/267 310/310/310
f 311/311/311 310/310/310 312/312/312
f 313/313/313 311/311/311 312/312/312
f 316/316/316 315/315/315 314/314/314
f 317/317/317 316/316/316 314/314/314
f 318/318/318 317/317/317 314/314/314
f 317/317/317 318/318/318 319/319/319
f 318/318/318 320/320/320 319/319/319
f 320/320/320 318/318/318 321/321/321
f 322/322/322 318/318/318 314/314/314
f 322/322/322 314/314/314 323/323/323
f 314/314/314 324/324/324 323/323/323
f 325/325/325 322/322/322 323/323/323
f 318/318/318 322/322/322 326/326/326
f 326/326/326 322/322/322 325/325/325
f 327/327/327 321/321/321 318/318/318
f 326/326/326 327/327/327 318/318/318
f 321/321/321 327/327/327 328/328/328
f 321/321/321 328/328/328 329/329/329
f 328/328/328 330/330/330 329/329/329
f 327/327/327 331/331/331 328/328/328
f 330/330/330 328/328/328 331/331/331
f 327/327/327 326/326/326 332/332/332
f 331/331/331 327/327/327 332/332/332
f 332/332/332 333/333/333 331/331/331
f 334/334/334 326/326/326 325/325/325
f 334/334/334 335/335/335 326/326/326
f 335/335/335 332/332/332 326/326/326
f 334/334/334 325/325/325 335/335/335
f 333/333/333 332/332/332 336/336/336
f 332/332/332 335/335/335 336/336/336
f 325/325/325 337/337/337 335/335/335
f 337/337/337 325/325/325 338/338/338
f 339/339/339 337/337/337 338/338/338
f 340/340/340 335/335/335 337/337/337
f 336/336/336 335/335/335 340/340/340
f 339/339/339 340/340/340 337/337/337
f 341/341/341 340/340/340 339/339/339
f 342/342/342 336/336/336 340/340/340
f 336/336/336 342/342/342 333/333/333
f 343/343/343 341/341/341 339/339/339
f 343/343/343 339/339/339 344/344/344
f 345/345/345 343/343/343 344/344/344
f 343/343/343 345/345/345 341/341/341
f 340/340/340 341/341/341 346/346/346
f 342/342/342 340/340/340 346/346/346
f 347/347/347 346/346/346 341/341/341
f 342/342/342 346/346/346 347/347/347
f 342/342/342 348/348/348 333/333/333
f 349/349/349 342/342/342 347/347/347
f 342/342/342 349/349/349 348/348/348
f 345/345/345 350/350/350 341/341/341
f 351/351/351 341/341/341 350/350/350
f 351/351/351 347/347/347 341/341/341
f 352/352/352 351/351/351 350/350/350
f 352/352/352 350/350/350 345/345/345
f 351/351/351 352/352/352 347/347/347
f 353/353/353 352/352/352 345/345/345
f 354/354/354 353/353/353 345/345/345
f 353/353/353 354/354/354 355/355/355
f 356/356/356 353/353/353 355/355/355
f 353/353/353 356/356/356 357/357/357
f 357/357/357 356/356/356 358/358/358
f 359/359/359 357/357/357 358/358/358
f 352/352/352 353/353/353 360/360/360
f 360/360/360 353/353/353 357/357/357
f 352/352/352 361/361/361 347/347/347
f 352/352/352 360/360/360 361/361/361
f 360/360/360 357/357/357 362/362/362
f 357/357/357 363/363/363 362/362/362
f 360/360/360 362/362/362 364/364/364
f 361/361/361 360/360/360 364/364/364
f 361/361/361 364/364/364 365/365/365
f 347/347/347 361/361/361 366/366/366
f 366/366/366 361/361/361 365/365/365
f 366/366/366 349/349/349 347/347/347
f 366/366/366 365/365/365 367/367/367
f 349/349/349 366/366/366 368/368/368
f 369/369/369 366/366/366 367/367/367
f 366/366/366 369/369/369 368/368/368
f 369/369/369 367/367/367 370/370/370
f 369/369/369 370/370/370 368/368/368
f 367/367/367 371/371/371 370/370/370
f 368/368/368 372/372/372 349/349/349
f 372/372/372 348/348/348 349/349/349
f 370/370/370 373/373/373 368/368/368
f 372/372/372 368/368/368 373/373/373
f 370/370/370 371/371/371 374/374/374
f 370/370/370 374/374/374 373/373/373
f 371/371/371 375/375/375 374/374/374
f 372/372/372 376/376/376 348/348/348
f 376/376/376 377/377/377 348/348/348
f 333/333/333 348/348/348 377/377/377
f 333/333/333 377/377/377 378/378/378
f 377/377/377 376/376/376 379/379/379
f 377/377/377 379/379/379 378/378/378
f 378/378/378 379/379/379 380/380/380
f 379/379/379 381/381/381 380/380/380
f 382/382/382 333/333/333 378/378/378
f 333/333/333 382/382/382 331/331/331
f 383/383/383 331/331/331 382/382/382
f 378/378/378 383/383/383 382/382/382
f 383/383/383 378/378/378 384/384/384
f 383/383/383 330/330/330 331/331/331
f 330/330/330 383/383/383 385/385/385
f 383/383/383 384/384/384 385/385/385
f 330/330/330 385/385/385 386/386/386
f 385/385/385 387/387/387 386/386/386
f 385/385/385 384/384/384 387/387/387
f 388/388/388 378/378/378 380/380/380
f 378/378/378 388/388/388 384/384/384
f 388/388/388 380/380/380 384/384/384
f 376/376/376 389/389/389 379/379/379
f 381/381/381 379/379/379 389/389/389
f 384/384/384 390/390/390 387/387/387
f 384/384/384 391/391/391 390/390/390
f 380/380/380 391/391/391 384/384/384
f 387/387/387 390/390/390 392/392/392
f 391/391/391 392/392/392 390/390/390
f 393/393/393 387/387/387 392/392/392
f 387/387/387 393/393/393 394/394/394
f 393/393/393 395/395/395 394/394/394
f 395/395/395 396/396/396 394/394/394
f 397/397/397 393/393/393 392/392/392
f 393/393/393 397/397/397 395/395/395
f 392/392/392 391/391/391 398/398/398
f 391/391/391 380/380/380 399/399/399
f 391/391/391 399/399/399 398/398/398
f 392/392/392 398/398/398 400/400/400
f 397/397/397 392/392/392 400/400/400
f 400/400/400 398/398/398 401/401/401
f 398/398/398 399/399/399 401/401/401
f 400/400/400 401/401/401 402/402/402
f 403/403/403 397/397/397 400/400/400
f 397/397/397 403/403/403 404/404/404
f 405/405/405 397/397/397 404/404/404
f 397/397/397 405/405/405 395/395/395
f 395/395/395 405/405/405 406/406/406
f 407/407/407 395/395/395 406/406/406
f 401/401/401 408/408/408 402/402/402
f 408/408/408 401/401/401 399/399/399
f 380/380/380 409/409/409 399/399/399
f 410/410/410 408/408/408 399/399/399
f 410/410/410 399/399/399 409/409/409
f 411/411/411 409/409/409 380/380/380
f 411/411/411 410/410/410 409/409/409
f 381/381/381 411/411/411 380/380/380
f 408/408/408 410/410/410 412/412/412
f 408/408/408 412/412/412 413/413/413
f 412/412/412 21/21/21 413/413/413
f 410/410/410 414/414/414 412/412/412
f 412/412/412 414/414/414 21/21/21
f 410/410/410 411/411/411 415/415/415
f 414/414/414 410/410/410 415/415/415
f 415/415/415 411/411/411 27/27/27
f 414/414/414 415/415/415 27/27/27
f 381/381/381 36/36/36 411/411/411
f 411/411/411 36/36/36 27/27/27
f 36/36/36 381/381/381 42/42/42
f 42/42/42 381/381/381 389/389/389
f 43/43/43 42/42/42 389/389/389
f 416/416/416 43/43/43 389/389/389
f 389/389/389 376/376/376 416/416/416
f 416/416/416 49/49/49 43/43/43
f 414/414/414 417/417/417 21/21/21
f 21/21/21 417/417/417 23/23/23
f 418/418/418 414/414/414 27/27/27
f 418/418/418 27/27/27 23/23/23
f 418/418/418 23/23/23 417/417/417
f 414/414/414 418/418/418 417/417/417
f 376/376/376 419/419/419 416/416/416
f 419/419/419 376/376/376 372/372/372
f 420/420/420 49/49/49 416/416/416
f 419/419/419 420/420/420 416/416/416
f 420/420/420 419/419/419 421/421/421
f 420/420/420 70/70/70 49/49/49
f 70/70/70 420/420/420 421/421/421
f 422/422/422 419/419/419 372/372/372
f 419/419/419 422/422/422 421/421/421
f 422/422/422 372/372/372 373/373/373
f 421/421/421 422/422/422 373/373/373
f 423/423/423 70/70/70 421/421/421
f 70/70/70 423/423/423 77/77/77
f 424/424/424 421/421/421 373/373/373
f 374/374/374 424/424/424 373/373/373
f 424/424/424 425/425/425 421/421/421
f 425/425/425 424/424/424 374/374/374
f 425/425/425 423/423/423 421/421/421
f 426/426/426 425/425/425 374/374/374
f 423/423/423 427/427/427 77/77/77
f 423/423/423 425/425/425 427/427/427
f 77/77/77 427/427/427 68/68/68
f 425/425/425 426/426/426 428/428/428
f 425/425/425 428/428/428 427/427/427
f 426/426/426 429/429/429 428/428/428
f 428/428/428 429/429/429 430/430/430
f 431/431/431 427/427/427 428/428/428
f 427/427/427 431/431/431 68/68/68
f 432/432/432 428/428/428 430/430/430
f 432/432/432 431/431/431 428/428/428
f 433/433/433 432/432/432 430/430/430
f 431/431/431 432/432/432 433/433/433
f 434/434/434 433/433/433 430/430/430
f 433/433/433 434/434/434 435/435/435
f 434/434/434 436/436/436 435/435/435
f 435/435/435 436/436/436 127/127/127
f 437/437/437 431/431/431 433/433/433
f 68/68/68 431/431/431 437/437/437
f 437/437/437 433/433/433 435/435/435
f 438/438/438 435/435/435 127/127/127
f 438/438/438 127/127/127 109/109/109
f 438/438/438 109/109/109 105/105/105
f 438/438/438 105/105/105 435/435/435
f 105/105/105 439/439/439 435/435/435
f 439/439/439 437/437/437 435/435/435
f 74/74/74 439/439/439 105/105/105
f 439/439/439 74/74/74 437/437/437
f 440/440/440 68/68/68 437/437/437
f 74/74/74 440/440/440 437/437/437
f 440/440/440 69/69/69 68/68/68
f 440/440/440 74/74/74 69/69/69
f 443/443/443 442/442/442 441/441/441
f 442/442/442 444/444/444 441/441/441
f 444/444/444 445/445/445 441/441/441
f 445/445/445 446/446/446 441/441/441
f 446/446/446 447/447/447 441/441/441
f 447/447/447 448/448/448 441/441/441
f 449/449/449 448/448/448 447/447/447
f 450/450/450 448/448/448 449/449/449
f 451/451/451 450/450/450 449/449/449
f 452/452/452 451/451/451 449/449/449
f 453/453/453 452/452/452 449/449/449
f 456/456/456 455/455/455 454/454/454
f 455/455/455 457/457/457 454/454/454
f 457/457/457 458/458/458 454/454/454
f 458/458/458 459/459/459 454/454/454
f 459/459/459 460/460/460 454/454/454
f 460/460/460 461/461/461 454/454/454
f 462/462/462 461/461/461 460/460/460
f 463/463/463 461/461/461 462/462/462
f 464/464/464 463/463/463 462/462/462
f 465/465/465 464/464/464 462/462/462
f 466/466/466 465/465/465 462/462/462
f 469/469/469 468/468/468 467/467/467
f 470/470/470 469/469/469 467/467/467
f 473/473/473 472/472/472 471/471/471
f 472/472/472 474/474/474 471/471/471
f 474/474/474 475/475/475 471/471/471
f 475/475/475 476/476/476 471/471/471
f 475/475/475 474/474/474 477/477/477
f 474/474/474 478/478/478 477/477/477
f 477/477/477 478/478/478 479/479/479
f 479/479/479 478/478/478 480/480/480
f 481/481/481 479/479/479 480/480/480
f 479/479/479 481/481/481 482/482/482
f 483/483/483 479/479/479 482/482/482
f 486/486/486 485/485/485 484/484/484
f 487/487/487 486/486/486 484/484/484
f 490/490/490 489/489/489 488/488/488
f 489/489/489 491/491/491 488/488/488
f 492/492/492 491/491/491 489/489/489
f 493/493/493 492/492/492 489/489/489
f 494/494/494 493/493/493 489/489/489
f 495/495/495 494/494/494 489/489/489
f 494/494/494 495/495/495 496/496/496
f 495/495/495 497/497/497 496/496/496
f 497/497/497 498/498/498 496/496/496
f 496/496/496 498/498/498 499/499/499
f 500/500/500 496/496/496 499/499/499
f 503/503/503 502/502/502 501/501/501
f 502/502/502 504/504/504 501/501/501
f 504/504/504 502/502/502 505/505/505
f 502/502/502 506/506/506 505/505/505
f 507/507/507 505/505/505 506/506/506
f 508/508/508 507/507/507 506/506/506
f 509/509/509 507/507/507 508/508/508
f 510/510/510 507/507/507 509/509/509
f 509/509/509 508/508/508 511/511/511
f 512/512/512 510/510/510 509/509/509
f 510/510/510 512/512/512 513/513/513
f 512/512/512 514/514/514 513/513/513
f 515/515/515 513/513/513 514/514/514
f 512/512/512 509/509/509 516/516/516
f 514/514/514 512/512/512 516/516/516
f 517/517/517 516/516/516 509/509/509
f 516/516/516 518/518/518 514/514/514
f 519/519/519 509/509/509 511/511/511
f 519/519/519 517/517/517 509/509/509
f 519/519/519 511/511/511 517/517/517
f 511/511/511 520/520/520 517/517/517
f 518/518/518 516/516/516 521/521/521
f 516/516/516 517/517/517 521/521/521
f 522/522/522 517/517/517 520/520/520
f 523/523/523 522/522/522 520/520/520
f 522/522/522 523/523/523 524/524/524
f 523/523/523 525/525/525 524/524/524
f 525/525/525 526/526/526 524/524/524
f 527/527/527 521/521/521 517/517/517
f 522/522/522 527/527/527 517/517/517
f 521/521/521 527/527/527 518/518/518
f 526/526/526 528/528/528 524/524/524
f 524/524/524 528/528/528 529/529/529
f 526/526/526 530/530/530 528/528/528
f 530/530/530 529/529/529 528/528/528
f 522/522/522 524/524/524 531/531/531
f 527/527/527 522/522/522 531/531/531
f 529/529/529 530/530/530 532/532/532
f 533/533/533 532/532/532 530/530/530
f 534/534/534 533/533/533 530/530/530
f 533/533/533 534/534/534 535/535/535
f 534/534/534 536/536/536 535/535/535
f 536/536/536 537/537/537 535/535/535
f 537/537/537 538/538/538 535/535/535
f 532/532/532 539/539/539 529/529/529
f 531/531/531 524/524/524 540/540/540
f 527/527/527 531/531/531 541/541/541
f 531/531/531 540/540/540 541/541/541
f 542/542/542 524/524/524 529/529/529
f 524/524/524 542/542/542 540/540/540
f 542/542/542 529/529/529 543/543/543
f 539/539/539 544/544/544 529/529/529
f 529/529/529 544/544/544 543/543/543
f 544/544/544 539/539/539 543/543/543
f 539/539/539 545/545/545 543/543/543
f 527/527/527 541/541/541 546/546/546
f 527/527/527 546/546/546 518/518/518
f 540/540/540 542/542/542 547/547/547
f 542/542/542 543/543/543 547/547/547
f 540/540/540 547/547/547 548/548/548
f 548/548/548 547/547/547 543/543/543
f 549/549/549 543/543/543 545/545/545
f 549/549/549 548/548/548 543/543/543
f 550/550/550 549/549/549 545/545/545
f 549/549/549 550/550/550 551/551/551
f 549/549/549 551/551/551 548/548/548
f 550/550/550 552/552/552 551/551/551
f 552/552/552 553/553/553 551/551/551
f 554/554/554 541/541/541 540/540/540
f 554/554/554 540/540/540 548/548/548
f 553/553/553 555/555/555 551/551/551
f 553/553/553 556/556/556 555/555/555
f 551/551/551 555/555/555 557/557/557
f 556/556/556 557/557/557 555/555/555
f 557/557/557 556/556/556 558/558/558
f 558/558/558 556/556/556 559/559/559
f 556/556/556 560/560/560 559/559/559
f 560/560/560 561/561/561 559/559/559
f 561/561/561 562/562/562 559/559/559
f 562/562/562 561/561/561 563/563/563
f 561/561/561 564/564/564 563/563/563
f 557/557/557 558/558/558 565/565/565
f 557/557/557 565/565/565 566/566/566
f 565/565/565 567/567/567 566/566/566
f 568/568/568 551/551/551 557/557/557
f 568/568/568 557/557/557 566/566/566
f 568/568/568 566/566/566 551/551/551
f 566/566/566 569/569/569 551/551/551
f 551/551/551 569/569/569 548/548/548
f 569/569/569 566/566/566 548/548/548
f 567/567/567 570/570/570 566/566/566
f 566/566/566 570/570/570 548/548/548
f 567/567/567 571/571/571 570/570/570
f 570/570/570 554/554/554 548/548/548
f 571/571/571 572/572/572 570/570/570
f 571/571/571 573/573/573 572/572/572
f 574/574/574 554/554/554 570/570/570
f 572/572/572 574/574/574 570/570/570
f 573/573/573 575/575/575 572/572/572
f 572/572/572 575/575/575 574/574/574
f 573/573/573 576/576/576 575/575/575
f 554/554/554 574/574/574 577/577/577
f 541/541/541 554/554/554 577/577/577
f 575/575/575 578/578/578 574/574/574
f 577/577/577 574/574/574 578/578/578
f 576/576/576 579/579/579 575/575/575
f 576/576/576 580/580/580 579/579/579
f 577/577/577 581/581/581 541/541/541
f 581/581/581 546/546/546 541/541/541
f 582/582/582 578/578/578 575/575/575
f 579/579/579 582/582/582 575/575/575
f 583/583/583 546/546/546 581/581/581
f 546/546/546 583/583/583 518/518/518
f 518/518/518 583/583/583 584/584/584
f 585/585/585 518/518/518 584/584/584
f 518/518/518 585/585/585 514/514/514
f 585/585/585 584/584/584 514/514/514
f 584/584/584 586/586/586 514/514/514
f 586/586/586 584/584/584 587/587/587
f 586/586/586 515/515/515 514/514/514
f 515/515/515 586/586/586 587/587/587
f 588/588/588 515/515/515 587/587/587
f 588/588/588 587/587/587 589/589/589
f 590/590/590 589/589/589 587/587/587
f 591/591/591 588/588/588 589/589/589
f 591/591/591 589/589/589 590/590/590
f 592/592/592 591/591/591 590/590/590
f 593/593/593 592/592/592 590/590/590
f 592/592/592 593/593/593 594/594/594
f 595/595/595 592/592/592 594/594/594
f 595/595/595 594/594/594 596/596/596
f 594/594/594 597/597/597 596/596/596
f 596/596/596 597/597/597 598/598/598
f 599/599/599 596/596/596 598/598/598
f 590/590/590 600/600/600 593/593/593
f 601/601/601 600/600/600 590/590/590
f 602/602/602 600/600/600 601/601/601
f 603/603/603 590/590/590 587/587/587
f 603/603/603 601/601/601 590/590/590
f 603/603/603 587/587/587 604/604/604
f 601/601/601 603/603/603 604/604/604
f 584/584/584 604/604/604 587/587/587
f 601/601/601 604/604/604 584/584/584
f 605/605/605 602/602/602 601/601/601
f 605/605/605 601/601/601 584/584/584
f 602/602/602 605/605/605 606/606/606
f 583/583/583 605/605/605 584/584/584
f 605/605/605 607/607/607 606/606/606
f 608/608/608 606/606/606 607/607/607
f 583/583/583 609/609/609 605/605/605
f 609/609/609 607/607/607 605/605/605
f 609/609/609 583/583/583 581/581/581
f 610/610/610 608/608/608 607/607/607
f 611/611/611 608/608/608 610/610/610
f 609/609/609 612/612/612 607/607/607
f 612/612/612 609/609/609 581/581/581
f 612/612/612 610/610/610 607/607/607
f 613/613/613 612/612/612 581/581/581
f 581/581/581 577/577/577 613/613/613
f 612/612/612 614/614/614 610/610/610
f 612/612/612 613/613/613 614/614/614
f 615/615/615 611/611/611 610/610/610
f 614/614/614 615/615/615 610/610/610
f 615/615/615 616/616/616 611/611/611
f 616/616/616 615/615/615 614/614/614
f 616/616/616 617/617/617 611/611/611
f 616/616/616 618/618/618 617/617/617
f 618/618/618 619/619/619 617/617/617
f 620/620/620 619/619/619 618/618/618
f 621/621/621 616/616/616 614/614/614
f 616/616/616 621/621/621 618/618/618
f 577/577/577 622/622/622 613/613/613
f 622/622/622 577/577/577 578/578/578
f 623/623/623 622/622/622 578/578/578
f 613/613/613 622/622/622 623/623/623
f 582/582/582 623/623/623 578/578/578
f 613/613/613 624/624/624 614/614/614
f 621/621/621 614/614/614 624/624/624
f 624/624/624 613/613/613 623/623/623
f 623/623/623 582/582/582 625/625/625
f 582/582/582 579/579/579 625/625/625
f 624/624/624 623/623/623 626/626/626
f 626/626/626 623/623/623 625/625/625
f 627/627/627 621/621/621 624/624/624
f 627/627/627 624/624/624 626/626/626
f 621/621/621 627/627/627 628/628/628
f 621/621/621 628/628/628 618/618/618
f 629/629/629 627/627/627 626/626/626
f 627/627/627 629/629/629 628/628/628
f 579/579/579 630/630/630 625/625/625
f 580/580/580 630/630/630 579/579/579
f 631/631/631 626/626/626 625/625/625
f 631/631/631 629/629/629 626/626/626
f 632/632/632 630/630/630 580/580/580
f 633/633/633 632/632/632 580/580/580
f 634/634/634 625/625/625 630/630/630
f 634/634/634 631/631/631 625/625/625
f 632/632/632 634/634/634 630/630/630
f 632/632/632 633/633/633 635/635/635
f 633/633/633 636/636/636 635/635/635
f 636/636/636 637/637/637 635/635/635
f 634/634/634 632/632/632 638/638/638
f 631/631/631 634/634/634 638/638/638
f 632/632/632 635/635/635 638/638/638
f 629/629/629 631/631/631 639/639/639
f 639/639/639 631/631/631 638/638/638
f 637/637/637 640/640/640 635/635/635
f 637/637/637 641/641/641 640/640/640
f 642/642/642 638/638/638 635/635/635
f 640/640/640 642/642/642 635/635/635
f 642/642/642 643/643/643 638/638/638
f 643/643/643 639/639/639 638/638/638
f 644/644/644 629/629/629 639/639/639
f 628/628/628 629/629/629 644/644/644
f 642/642/642 640/640/640 645/645/645
f 643/643/643 642/642/642 645/645/645
f 641/641/641 646/646/646 640/640/640
f 640/640/640 646/646/646 645/645/645
f 643/643/643 647/647/647 639/639/639
f 647/647/647 644/644/644 639/639/639
f 648/648/648 628/628/628 644/644/644
f 618/618/618 628/628/628 648/648/648
f 646/646/646 641/641/641 649/649/649
f 641/641/641 650/650/650 649/649/649
f 649/649/649 650/650/650 651/651/651
f 652/652/652 645/645/645 646/646/646
f 649/649/649 652/652/652 646/646/646
f 653/653/653 643/643/643 645/645/645
f 647/647/647 643/643/643 653/653/653
f 654/654/654 649/649/649 651/651/651
f 651/651/651 655/655/655 654/654/654
f 656/656/656 653/653/653 645/645/645
f 652/652/652 656/656/656 645/645/645
f 657/657/657 652/652/652 649/649/649
f 654/654/654 657/657/657 649/649/649
f 655/655/655 658/658/658 654/654/654
f 654/654/654 658/658/658 657/657/657
f 655/655/655 659/659/659 658/658/658
f 657/657/657 660/660/660 652/652/652
f 660/660/660 656/656/656 652/652/652
f 661/661/661 647/647/647 653/653/653
f 653/653/653 656/656/656 661/661/661
f 658/658/658 662/662/662 657/657/657
f 657/657/657 662/662/662 660/660/660
f 662/662/662 658/658/658 663/663/663
f 659/659/659 664/664/664 658/658/658
f 658/658/658 664/664/664 663/663/663
f 659/659/659 665/665/665 664/664/664
f 665/665/665 666/666/666 664/664/664
f 664/664/664 666/666/666 663/663/663
f 666/666/666 665/665/665 667/667/667
f 665/665/665 668/668/668 667/667/667
f 667/667/667 668/668/668 669/669/669
f 662/662/662 670/670/670 660/660/660
f 662/662/662 663/663/663 670/670/670
f 666/666/666 671/671/671 663/663/663
f 666/666/666 667/667/667 671/671/671
f 671/671/671 672/672/672 663/663/663
f 663/663/663 673/673/673 670/670/670
f 672/672/672 673/673/673 663/663/663
f 660/660/660 670/670/670 674/674/674
f 670/670/670 673/673/673 674/674/674
f 675/675/675 667/667/667 669/669/669
f 669/669/669 676/676/676 675/675/675
f 667/667/667 677/677/677 671/671/671
f 672/672/672 671/671/671 677/677/677
f 667/667/667 675/675/675 678/678/678
f 677/677/677 667/667/667 678/678/678
f 676/676/676 679/679/679 675/675/675
f 675/675/675 679/679/679 678/678/678
f 679/679/679 676/676/676 680/680/680
f 676/676/676 681/681/681 680/680/680
f 680/680/680 681/681/681 682/682/682
f 679/679/679 683/683/683 678/678/678
f 679/679/679 680/680/680 683/683/683
f 678/678/678 684/684/684 677/677/677
f 684/684/684 678/678/678 683/683/683
f 685/685/685 680/680/680 682/682/682
f 685/685/685 682/682/682 686/686/686
f 687/687/687 685/685/685 686/686/686
f 680/680/680 688/688/688 683/683/683
f 680/680/680 685/685/685 688/688/688
f 685/685/685 687/687/687 689/689/689
f 685/685/685 689/689/689 688/688/688
f 687/687/687 690/690/690 689/689/689
f 690/690/690 687/687/687 691/691/691
f 692/692/692 690/690/690 691/691/691
f 693/693/693 689/689/689 690/690/690
f 688/688/688 689/689/689 693/693/693
f 694/694/694 690/690/690 692/692/692
f 694/694/694 693/693/693 690/690/690
f 695/695/695 693/693/693 694/694/694
f 696/696/696 694/694/694 692/692/692
f 694/694/694 696/696/696 697/697/697
f 697/697/697 695/695/695 694/694/694
f 696/696/696 698/698/698 697/697/697
f 699/699/699 697/697/697 698/698/698
f 697/697/697 699/699/699 695/695/695
f 700/700/700 699/699/699 698/698/698
f 699/699/699 700/700/700 701/701/701
f 702/702/702 699/699/699 701/701/701
f 703/703/703 688/688/688 693/693/693
f 703/703/703 693/693/693 695/695/695
f 703/703/703 704/704/704 688/688/688
f 704/704/704 683/683/683 688/688/688
f 704/704/704 684/684/684 683/683/683
f 699/699/699 705/705/705 695/695/695
f 699/699/699 702/702/702 705/705/705
f 706/706/706 703/703/703 695/695/695
f 703/703/703 706/706/706 704/704/704
f 706/706/706 695/695/695 707/707/707
f 695/695/695 705/705/705 707/707/707
f 706/706/706 708/708/708 704/704/704
f 706/706/706 707/707/707 708/708/708
f 709/709/709 684/684/684 704/704/704
f 708/708/708 709/709/709 704/704/704
f 707/707/707 710/710/710 708/708/708
f 709/709/709 708/708/708 710/710/710
f 711/711/711 707/707/707 705/705/705
f 707/707/707 711/711/711 710/710/710
f 702/702/702 712/712/712 705/705/705
f 712/712/712 711/711/711 705/705/705
f 713/713/713 712/712/712 702/702/702
f 712/712/712 713/713/713 711/711/711
f 714/714/714 713/713/713 702/702/702
f 713/713/713 715/715/715 711/711/711
f 711/711/711 715/715/715 716/716/716
f 711/711/711 716/716/716 710/710/710
f 715/715/715 717/717/717 716/716/716
f 716/716/716 717/717/717 718/718/718
f 716/716/716 719/719/719 710/710/710
f 719/719/719 716/716/716 718/718/718
f 720/720/720 709/709/709 710/710/710
f 719/719/719 720/720/720 710/710/710
f 719/719/719 718/718/718 721/721/721
f 718/718/718 722/722/722 721/721/721
f 720/720/720 719/719/719 723/723/723
f 719/719/719 721/721/721 723/723/723
f 721/721/721 722/722/722 724/724/724
f 723/723/723 721/721/721 724/724/724
f 722/722/722 725/725/725 724/724/724
f 724/724/724 725/725/725 726/726/726
f 727/727/727 709/709/709 720/720/720
f 723/723/723 727/727/727 720/720/720
f 728/728/728 723/723/723 724/724/724
f 727/727/727 723/723/723 728/728/728
f 729/729/729 724/724/724 726/726/726
f 724/724/724 729/729/729 728/728/728
f 727/727/727 730/730/730 709/709/709
f 730/730/730 684/684/684 709/709/709
f 684/684/684 730/730/730 677/677/677
f 730/730/730 672/672/672 677/677/677
f 730/730/730 727/727/727 672/672/672
f 731/731/731 727/727/727 728/728/728
f 727/727/727 731/731/731 672/672/672
f 728/728/728 732/732/732 731/731/731
f 729/729/729 732/732/732 728/728/728
f 731/731/731 733/733/733 672/672/672
f 732/732/732 733/733/733 731/731/731
f 733/733/733 673/673/673 672/672/672
f 673/673/673 733/733/733 674/674/674
f 732/732/732 734/734/734 733/733/733
f 732/732/732 729/729/729 734/734/734
f 734/734/734 674/674/674 733/733/733
f 735/735/735 729/729/729 726/726/726
f 729/729/729 735/735/735 734/734/734
f 736/736/736 735/735/735 726/726/726
f 737/737/737 674/674/674 734/734/734
f 737/737/737 660/660/660 674/674/674
f 660/660/660 737/737/737 656/656/656
f 735/735/735 736/736/736 738/738/738
f 736/736/736 739/739/739 738/738/738
f 734/734/734 735/735/735 740/740/740
f 740/740/740 737/737/737 734/734/734
f 735/735/735 738/738/738 740/740/740
f 737/737/737 741/741/741 656/656/656
f 737/737/737 740/740/740 741/741/741
f 656/656/656 741/741/741 661/661/661
f 740/740/740 742/742/742 741/741/741
f 740/740/740 738/738/738 742/742/742
f 661/661/661 741/741/741 742/742/742
f 738/738/738 739/739/739 743/743/743
f 738/738/738 743/743/743 742/742/742
f 742/742/742 743/743/743 744/744/744
f 739/739/739 745/745/745 743/743/743
f 743/743/743 745/745/745 744/744/744
f 745/745/745 746/746/746 744/744/744
f 746/746/746 747/747/747 744/744/744
f 748/748/748 661/661/661 742/742/742
f 748/748/748 742/742/742 744/744/744
f 661/661/661 748/748/748 647/647/647
f 748/748/748 749/749/749 647/647/647
f 748/748/748 744/744/744 749/749/749
f 647/647/647 749/749/749 644/644/644
f 749/749/749 648/648/648 644/644/644
f 747/747/747 750/750/750 744/744/744
f 744/744/744 750/750/750 749/749/749
f 648/648/648 749/749/749 750/750/750
f 750/750/750 747/747/747 620/620/620
f 751/751/751 648/648/648 750/750/750
f 751/751/751 750/750/750 620/620/620
f 751/751/751 618/618/618 648/648/648
f 751/751/751 620/620/620 618/618/618
f 754/754/754 753/753/753 752/752/752
f 753/753/753 755/755/755 752/752/752
f 752/752/752 755/755/755 756/756/756
f 757/757/757 752/752/752 756/756/756
f 752/752/752 757/757/757 758/758/758
f 758/758/758 757/757/757 759/759/759
f 757/757/757 760/760/760 759/759/759
f 761/761/761 759/759/759 760/760/760
f 762/762/762 761/761/761 760/760/760
f 762/762/762 760/760/760 763/763/763
f 764/764/764 762/762/762 763/763/763
f 767/767/767 766/766/766 765/765/765
f 768/768/768 767/767/767 765/765/765
f 771/771/771 770/770/770 769/769/769
f 772/772/772 771/771/771 769/769/769
f 775/775/775 774/774/774 773/773/773
f 776/776/776 775/775/775 773/773/773

