# Blender 4.5.2 LTS
# www.blender.org
mtllib camera_holder.mtl
o hand_camera_part_1
v -0.000328 -0.000189 0.004596
v -0.000392 0.000040 0.004596
v -0.000328 -0.000189 0.004546
v -0.000457 0.000268 0.004596
v -0.000585 0.000724 0.004546
v -0.000521 0.000496 0.004596
v -0.000585 0.000724 0.004596
v 0.003726 0.000951 0.004546
v 0.003961 0.001037 0.004546
v 0.003743 0.000904 0.004546
v 0.004186 0.000565 0.004546
v 0.003199 0.000206 0.004546
v 0.003516 0.002258 0.004546
v 0.003872 0.002367 0.004546
v 0.004355 0.001045 0.004546
v 0.003281 0.002172 0.004546
v 0.003264 0.002219 0.004546
v 0.003161 0.002501 0.004546
v 0.003443 0.002604 0.004546
v 0.003135 0.002279 0.004546
v 0.002930 0.002257 0.004546
v 0.002947 0.002210 0.004546
v 0.003419 -0.000396 0.004546
v 0.002878 -0.000230 0.004546
v 0.002867 -0.000212 0.004546
v 0.002853 -0.000196 0.004546
v 0.002291 -0.000807 0.004546
v 0.002782 -0.000446 0.004546
v 0.002802 -0.000440 0.004546
v 0.002820 -0.000431 0.004546
v 0.002072 -0.000206 0.004546
v 0.002618 -0.000380 0.004546
v 0.002630 -0.000397 0.004546
v 0.002645 -0.000412 0.004546
v 0.001086 -0.000565 0.004546
v 0.001206 -0.000021 0.004546
v 0.002699 -0.000158 0.004546
v 0.002719 -0.000153 0.004546
v 0.002740 -0.000151 0.004546
v 0.002761 -0.000151 0.004546
v 0.002782 -0.000155 0.004546
v 0.002802 -0.000162 0.004546
v 0.002820 -0.000171 0.004546
v 0.002838 -0.000182 0.004546
v 0.000954 -0.000060 0.004546
v -0.000503 0.000754 0.004546
v 0.000509 0.001162 0.004546
v 0.000342 0.001474 0.004546
v 0.000727 0.001294 0.004546
v 0.000787 0.001423 0.004546
v 0.000624 0.001576 0.004546
v 0.000957 0.001538 0.004546
v 0.000975 0.001491 0.004546
v 0.000744 0.001247 0.004546
v 0.001189 0.000026 0.004546
v 0.002597 -0.000280 0.004546
v 0.002595 -0.000301 0.004546
v 0.002597 -0.000322 0.004546
v 0.002601 -0.000342 0.004546
v 0.002608 -0.000362 0.004546
v 0.002661 -0.000425 0.004546
v 0.002680 -0.000435 0.004546
v 0.002699 -0.000443 0.004546
v 0.002719 -0.000448 0.004546
v 0.002740 -0.000451 0.004546
v 0.002761 -0.000450 0.004546
v 0.002838 -0.000419 0.004546
v 0.002853 -0.000405 0.004546
v 0.002867 -0.000389 0.004546
v 0.002878 -0.000371 0.004546
v 0.002886 -0.000352 0.004546
v 0.002892 -0.000332 0.004546
v 0.002895 -0.000311 0.004546
v 0.002895 -0.000290 0.004546
v 0.002892 -0.000269 0.004546
v 0.002886 -0.000249 0.004546
v 0.002680 -0.000166 0.004546
v 0.002661 -0.000176 0.004546
v 0.002645 -0.000189 0.004546
v 0.002630 -0.000204 0.004546
v 0.002618 -0.000221 0.004546
v 0.002608 -0.000240 0.004546
v 0.002601 -0.000259 0.004546
v 0.000509 0.001162 0.003096
v 0.000744 0.001247 0.003096
v 0.000954 -0.000060 0.003096
v 0.001189 0.000026 0.003096
v 0.001432 0.000130 0.007596
v 0.003473 0.000874 0.007596
v 0.001432 0.000130 0.007296
v 0.003473 0.000874 0.007296
v 0.000957 0.001538 0.007296
v 0.001296 0.001381 0.007296
v 0.000975 0.001491 0.007296
v 0.001031 0.001231 0.007296
v 0.000787 0.001423 0.007296
v 0.000727 0.001294 0.007296
v 0.001206 -0.000021 0.007296
v 0.003743 0.000904 0.007296
v 0.003072 0.001975 0.007296
v 0.002773 0.001919 0.007296
v 0.002930 0.002257 0.007296
v 0.002947 0.002210 0.007296
v 0.003135 0.002279 0.007296
v 0.003264 0.002219 0.007296
v 0.002790 0.001872 0.007296
v 0.001313 0.001334 0.007296
v 0.001313 0.001334 0.007596
v 0.001031 0.001231 0.007596
v 0.003072 0.001975 0.007596
v 0.002790 0.001872 0.007596
v 0.002773 0.001919 0.007596
v 0.001296 0.001381 0.007596
v 0.003281 0.002172 0.003096
v 0.003516 0.002258 0.003096
v 0.003961 0.001037 0.003096
v 0.003726 0.000951 0.003096
v 0.002479 -0.000738 0.005096
v 0.002291 -0.000807 0.005096
v 0.002479 -0.000738 0.004896
v 0.003231 -0.000464 0.004896
v 0.003419 -0.000396 0.005096
v 0.003231 -0.000464 0.005096
v 0.002072 -0.000206 0.005896
v 0.002260 -0.000137 0.005896
v 0.003199 0.000206 0.005896
v 0.002597 -0.000280 0.004896
v 0.002595 -0.000301 0.004896
v 0.002597 -0.000322 0.004896
v 0.002601 -0.000342 0.004896
v 0.002608 -0.000362 0.004896
v 0.002618 -0.000380 0.004896
v 0.002630 -0.000397 0.004896
v 0.002645 -0.000412 0.004896
v 0.002661 -0.000425 0.004896
v 0.002680 -0.000435 0.004896
v 0.002699 -0.000443 0.004896
v 0.002719 -0.000448 0.004896
v 0.002740 -0.000451 0.004896
v 0.002761 -0.000450 0.004896
v 0.002782 -0.000446 0.004896
v 0.002802 -0.000440 0.004896
v 0.002820 -0.000431 0.004896
v 0.002838 -0.000419 0.004896
v 0.002853 -0.000405 0.004896
v 0.002867 -0.000389 0.004896
v 0.002878 -0.000371 0.004896
v 0.002886 -0.000352 0.004896
v 0.002892 -0.000332 0.004896
v 0.002895 -0.000311 0.004896
v 0.002895 -0.000290 0.004896
v 0.002892 -0.000269 0.004896
v 0.002886 -0.000249 0.004896
v 0.002878 -0.000230 0.004896
v 0.002867 -0.000212 0.004896
v 0.002853 -0.000196 0.004896
v 0.002838 -0.000182 0.004896
v 0.002820 -0.000171 0.004896
v 0.002802 -0.000162 0.004896
v 0.002782 -0.000155 0.004896
v 0.002761 -0.000151 0.004896
v 0.002740 -0.000151 0.004896
v 0.002719 -0.000153 0.004896
v 0.002699 -0.000158 0.004896
v 0.002680 -0.000166 0.004896
v 0.002661 -0.000176 0.004896
v 0.002645 -0.000189 0.004896
v 0.002630 -0.000204 0.004896
v 0.002618 -0.000221 0.004896
v 0.002608 -0.000240 0.004896
v 0.002601 -0.000259 0.004896
v 0.002260 -0.000137 0.004896
v 0.003012 0.000137 0.004896
v 0.003012 0.000137 0.005896
v -0.000503 0.000754 0.004836
v -0.000544 0.000739 0.004715
v 0.000342 0.001474 0.007596
v 0.000131 0.001294 0.006906
v -0.000080 0.001114 0.006216
v -0.000291 0.000934 0.005526
v 0.000624 0.001576 0.007596
v 0.000957 0.001538 0.007596
v -0.000493 0.000652 0.004784
v -0.000457 0.000528 0.004784
v -0.000420 0.000405 0.004784
v -0.000392 0.000561 0.004971
v -0.000352 0.000428 0.004971
v -0.000328 0.000594 0.005159
v -0.000284 0.000452 0.005159
v -0.000264 0.000627 0.005346
v -0.000216 0.000475 0.005346
v -0.000199 0.000659 0.005534
v -0.000147 0.000498 0.005534
v -0.000135 0.000692 0.005721
v -0.000079 0.000522 0.005721
v -0.000071 0.000725 0.005909
v -0.000011 0.000545 0.005909
v -0.000007 0.000758 0.006096
v 0.000058 0.000569 0.006096
v 0.000058 0.000790 0.006284
v 0.000126 0.000592 0.006284
v 0.000122 0.000823 0.006471
v 0.000194 0.000615 0.006471
v 0.000186 0.000856 0.006659
v 0.000263 0.000639 0.006659
v 0.000251 0.000889 0.006846
v 0.000331 0.000662 0.006846
v 0.000315 0.000921 0.007034
v 0.000399 0.000685 0.007034
v 0.000379 0.000954 0.007221
v 0.000467 0.000709 0.007221
v 0.000443 0.000987 0.007409
v 0.000536 0.000732 0.007409
v 0.000528 0.000964 0.007596
v 0.000714 0.000454 0.007596
v 0.000582 0.000605 0.007409
v 0.000628 0.000477 0.007409
v 0.000556 0.000463 0.007221
v 0.000600 0.000341 0.007221
v 0.000526 0.000331 0.007034
v 0.000568 0.000213 0.007034
v 0.000491 0.000209 0.006846
v 0.000532 0.000096 0.006846
v 0.000453 0.000096 0.006659
v 0.000472 0.000041 0.006659
v 0.000393 0.000044 0.006471
v 0.000411 -0.000008 0.006471
v 0.000331 -0.000003 0.006284
v 0.000348 -0.000053 0.006284
v 0.000266 -0.000046 0.006096
v 0.000282 -0.000093 0.006096
v 0.000200 -0.000084 0.005909
v 0.000215 -0.000129 0.005909
v 0.000132 -0.000117 0.005721
v 0.000146 -0.000159 0.005721
v 0.000061 -0.000145 0.005534
v 0.000075 -0.000186 0.005534
v -0.000011 -0.000169 0.005346
v 0.000001 -0.000207 0.005346
v -0.000085 -0.000188 0.005159
v -0.000074 -0.000224 0.005159
v -0.000161 -0.000202 0.004971
v -0.000151 -0.000236 0.004971
v -0.000249 -0.000181 0.004784
v -0.000258 -0.000150 0.004784
v -0.000267 -0.000120 0.004784
v -0.000181 -0.000136 0.004971
v -0.000192 -0.000103 0.004971
v -0.000107 -0.000117 0.005159
v -0.000118 -0.000081 0.005159
v -0.000035 -0.000093 0.005346
v -0.000047 -0.000055 0.005346
v 0.000035 -0.000065 0.005534
v 0.000022 -0.000025 0.005534
v 0.000104 -0.000032 0.005721
v 0.000090 0.000011 0.005721
v 0.000170 0.000006 0.005909
v 0.000155 0.000051 0.005909
v 0.000234 0.000049 0.006096
v 0.000218 0.000096 0.006096
v 0.000297 0.000096 0.006284
v 0.000262 0.000195 0.006284
v 0.000339 0.000200 0.006471
v 0.000303 0.000304 0.006471
v 0.000377 0.000313 0.006659
v 0.000339 0.000421 0.006659
v 0.000411 0.000435 0.006846
v 0.000371 0.000549 0.006846
v 0.000441 0.000567 0.007034
v -0.000402 0.000343 0.004784
v -0.000332 0.000362 0.004971
v -0.000262 0.000381 0.005159
v -0.000191 0.000399 0.005346
v -0.000121 0.000418 0.005534
v -0.000051 0.000437 0.005721
v 0.000019 0.000455 0.005909
v 0.000090 0.000474 0.006096
v 0.000160 0.000493 0.006284
v 0.000230 0.000511 0.006471
v 0.000301 0.000530 0.006659
v -0.000348 0.000158 0.004784
v -0.000366 0.000220 0.004784
v -0.000384 0.000282 0.004784
v -0.000312 0.000296 0.004971
v -0.000276 -0.000089 0.004784
v -0.000285 -0.000058 0.004784
v -0.000294 -0.000027 0.004784
v -0.000212 -0.000036 0.004971
v -0.000222 -0.000003 0.004971
v -0.000140 -0.000010 0.005159
v -0.000151 0.000025 0.005159
v -0.000071 0.000020 0.005346
v -0.000083 0.000058 0.005346
v -0.000004 0.000056 0.005534
v -0.000017 0.000096 0.005534
v 0.000062 0.000096 0.005721
v 0.000033 0.000181 0.005721
v 0.000110 0.000186 0.005909
v 0.000080 0.000276 0.005909
v 0.000154 0.000285 0.006096
v 0.000122 0.000379 0.006096
v 0.000194 0.000393 0.006284
v 0.000025 -0.000283 0.005346
v 0.000013 -0.000245 0.005346
v 0.000088 -0.000226 0.005534
v 0.000160 -0.000202 0.005721
v 0.000230 -0.000174 0.005909
v 0.000298 -0.000140 0.006096
v 0.000365 -0.000103 0.006284
v 0.000429 -0.000060 0.006471
v 0.000491 -0.000013 0.006659
v 0.000552 0.000039 0.006846
v 0.000610 0.000095 0.007034
v 0.000644 0.000218 0.007221
v 0.000674 0.000350 0.007409
v 0.000101 -0.000266 0.005534
v 0.000202 -0.000330 0.005721
v 0.000188 -0.000287 0.005721
v 0.000275 -0.000308 0.005909
v 0.000260 -0.000263 0.005909
v 0.000347 -0.000282 0.006096
v 0.000331 -0.000235 0.006096
v 0.000416 -0.000252 0.006284
v 0.000399 -0.000202 0.006284
v 0.000483 -0.000216 0.006471
v 0.000465 -0.000164 0.006471
v 0.000548 -0.000176 0.006659
v 0.000529 -0.000122 0.006659
v 0.000612 -0.000131 0.006846
v 0.000592 -0.000074 0.006846
v 0.000673 -0.000082 0.007034
v 0.000652 -0.000023 0.007034
v 0.000732 -0.000027 0.007221
v 0.000710 0.000034 0.007221
v 0.000790 0.000032 0.007409
v 0.000766 0.000095 0.007409
v 0.000900 -0.000055 0.007596
v 0.000720 0.000223 0.007409
v 0.000379 -0.000377 0.006096
v 0.000363 -0.000330 0.006096
v 0.000433 -0.000301 0.006284
v 0.000501 -0.000268 0.006471
v 0.000568 -0.000230 0.006659
v 0.000632 -0.000188 0.006846
v 0.000694 -0.000141 0.007034
v 0.000754 -0.000089 0.007221
v 0.000813 -0.000032 0.007409
v 0.000732 -0.000471 0.006846
v 0.000537 -0.000372 0.006471
v 0.000450 -0.000351 0.006284
v 0.001086 -0.000565 0.007596
v 0.000887 -0.000457 0.007221
v 0.000799 -0.000436 0.007034
v 0.000712 -0.000414 0.006846
v 0.000778 -0.000377 0.007034
v 0.000692 -0.000358 0.006846
v 0.000757 -0.000318 0.007034
v 0.000672 -0.000301 0.006846
v 0.000736 -0.000259 0.007034
v 0.000652 -0.000244 0.006846
v 0.000715 -0.000200 0.007034
v 0.000905 -0.000287 0.007409
v 0.000928 -0.000351 0.007409
v 0.000951 -0.000414 0.007409
v 0.000865 -0.000395 0.007221
v 0.000351 0.001242 0.007409
v 0.000291 0.001200 0.007221
v 0.000231 0.001157 0.007034
v 0.000170 0.001115 0.006846
v 0.000050 0.001031 0.006471
v 0.000110 0.001073 0.006659
v -0.000131 0.000905 0.005909
v -0.000071 0.000947 0.006096
v -0.000010 0.000989 0.006284
v -0.000372 0.000736 0.005159
v -0.000312 0.000778 0.005346
v -0.000252 0.000820 0.005534
v -0.000432 0.000694 0.004971
v 0.000974 -0.000478 0.007409
v 0.000625 -0.000393 0.006659
v 0.000606 -0.000339 0.006659
v 0.000587 -0.000285 0.006659
v 0.000519 -0.000320 0.006471
v -0.000191 0.000862 0.005721
v -0.000171 -0.000169 0.004971
v -0.000202 -0.000070 0.004971
v -0.000303 0.000004 0.004784
v -0.000312 0.000035 0.004784
v -0.000321 0.000066 0.004784
v -0.000242 0.000063 0.004971
v -0.000252 0.000096 0.004971
v -0.000173 0.000096 0.005159
v -0.000195 0.000167 0.005159
v -0.000119 0.000172 0.005346
v -0.000143 0.000248 0.005346
v -0.000069 0.000257 0.005534
v -0.000095 0.000337 0.005534
v -0.000023 0.000351 0.005721
v -0.000232 0.000030 0.004971
v -0.000330 0.000096 0.004784
v -0.000272 0.000163 0.004971
v -0.000292 0.000229 0.004971
v -0.000218 0.000238 0.005159
v -0.000096 -0.000153 0.005159
v -0.000023 -0.000131 0.005346
v 0.000048 -0.000105 0.005534
v 0.000118 -0.000074 0.005721
v 0.000185 -0.000039 0.005909
v 0.000250 0.000001 0.006096
v 0.000314 0.000046 0.006284
v 0.000375 0.000096 0.006471
v 0.000415 0.000204 0.006659
v 0.000451 0.000322 0.006846
v 0.000483 0.000449 0.007034
v 0.000512 0.000586 0.007221
v -0.000129 -0.000046 0.005159
v -0.000059 -0.000017 0.005346
v 0.000009 0.000016 0.005534
v 0.000076 0.000053 0.005721
v 0.000140 0.000096 0.005909
v 0.000186 0.000190 0.006096
v 0.000228 0.000294 0.006284
v 0.000267 0.000407 0.006471
v -0.000162 0.000061 0.005159
v -0.000095 0.000096 0.005346
v -0.000043 0.000177 0.005534
v 0.000005 0.000266 0.005721
v 0.000050 0.000365 0.005909
v -0.000240 0.000310 0.005159
v -0.000167 0.000323 0.005346
v 0.000174 -0.000245 0.005721
v 0.000245 -0.000219 0.005909
v 0.000315 -0.000188 0.006096
v 0.000382 -0.000152 0.006284
v 0.000447 -0.000112 0.006471
v 0.000510 -0.000067 0.006659
v 0.000572 -0.000018 0.006846
v 0.000631 0.000036 0.007034
v 0.000688 0.000095 0.007221
v 0.000843 -0.000334 0.007221
v 0.000821 -0.000273 0.007221
v 0.000799 -0.000211 0.007221
v 0.000776 -0.000150 0.007221
v 0.000836 -0.000096 0.007409
v 0.000859 -0.000159 0.007409
v 0.000882 -0.000223 0.007409
v 0.004355 0.001045 0.007596
v 0.003872 0.002367 0.007596
v 0.004186 0.000565 0.007596
v 0.003443 0.002604 0.007596
v 0.002930 0.002257 0.007596
v 0.003161 0.002501 0.007596
v 0.002479 -0.000738 0.003916
v 0.002479 -0.000738 0.004116
v 0.002291 -0.000807 0.003916
v 0.002291 -0.000807 0.004616
v 0.002855 -0.000601 0.004316
v 0.003419 -0.000396 0.004616
v 0.003231 -0.000464 0.004116
v 0.003419 -0.000396 0.003916
v 0.003231 -0.000464 0.003916
v 0.002855 -0.000601 0.004116
v 0.002260 -0.000137 0.004116
v 0.002260 -0.000137 0.003116
v 0.003073 -0.000367 0.004116
v 0.003012 0.000137 0.004116
v 0.002953 -0.000039 0.004116
v 0.002636 0.000000 0.004116
v 0.002538 -0.000563 0.004116
v 0.002418 -0.000234 0.004116
v 0.003012 0.000137 0.003116
v 0.002598 -0.000327 0.004616
v 0.002598 -0.000327 0.004316
v 0.002595 -0.000301 0.004616
v 0.002595 -0.000301 0.004316
v 0.002598 -0.000275 0.004616
v 0.002598 -0.000275 0.004316
v 0.002604 -0.000249 0.004616
v 0.002604 -0.000249 0.004316
v 0.002615 -0.000226 0.004616
v 0.002615 -0.000226 0.004316
v 0.002630 -0.000204 0.004616
v 0.002630 -0.000204 0.004316
v 0.002649 -0.000186 0.004616
v 0.002649 -0.000186 0.004316
v 0.002670 -0.000171 0.004616
v 0.002670 -0.000171 0.004316
v 0.002694 -0.000160 0.004616
v 0.002694 -0.000160 0.004316
v 0.002719 -0.000153 0.004616
v 0.002719 -0.000153 0.004316
v 0.002745 -0.000151 0.004616
v 0.002745 -0.000151 0.004316
v 0.002771 -0.000153 0.004616
v 0.002771 -0.000153 0.004316
v 0.002797 -0.000160 0.004616
v 0.002797 -0.000160 0.004316
v 0.002820 -0.000171 0.004616
v 0.002820 -0.000171 0.004316
v 0.002842 -0.000186 0.004616
v 0.002842 -0.000186 0.004316
v 0.002860 -0.000204 0.004616
v 0.002860 -0.000204 0.004316
v 0.002875 -0.000226 0.004616
v 0.002875 -0.000226 0.004316
v 0.002886 -0.000249 0.004616
v 0.002886 -0.000249 0.004316
v 0.002893 -0.000275 0.004616
v 0.002893 -0.000275 0.004316
v 0.002895 -0.000301 0.004616
v 0.002895 -0.000301 0.004316
v 0.002893 -0.000327 0.004616
v 0.002893 -0.000327 0.004316
v 0.002886 -0.000352 0.004616
v 0.002886 -0.000352 0.004316
v 0.002875 -0.000376 0.004616
v 0.002875 -0.000376 0.004316
v 0.002860 -0.000397 0.004616
v 0.002860 -0.000397 0.004316
v 0.002842 -0.000416 0.004616
v 0.002842 -0.000416 0.004316
v 0.002820 -0.000431 0.004616
v 0.002820 -0.000431 0.004316
v 0.002797 -0.000442 0.004616
v 0.002797 -0.000442 0.004316
v 0.002771 -0.000448 0.004616
v 0.002771 -0.000448 0.004316
v 0.002745 -0.000451 0.004616
v 0.002745 -0.000451 0.004316
v 0.002719 -0.000448 0.004616
v 0.002719 -0.000448 0.004316
v 0.002694 -0.000442 0.004616
v 0.002694 -0.000442 0.004316
v 0.002670 -0.000431 0.004616
v 0.002670 -0.000431 0.004316
v 0.002649 -0.000416 0.004616
v 0.002649 -0.000416 0.004316
v 0.002630 -0.000397 0.004616
v 0.002630 -0.000397 0.004316
v 0.002615 -0.000376 0.004616
v 0.002615 -0.000376 0.004316
v 0.002604 -0.000352 0.004616
v 0.002604 -0.000352 0.004316
v 0.002072 -0.000206 0.003116
v 0.003199 0.000206 0.003116
v 0.001086 -0.000565 -0.005484
v 0.004186 0.000565 -0.005484
v 0.004186 0.000565 0.004616
v 0.003199 0.000206 0.004616
v 0.002072 -0.000206 0.004616
v 0.001086 -0.000565 0.004616
v 0.002636 0.000000 0.004316
v 0.002418 -0.000234 0.004316
v 0.002953 -0.000039 0.004316
v 0.003073 -0.000367 0.004316
v 0.002538 -0.000563 0.004316
v 0.000445 0.001192 0.004616
v 0.000925 -0.000124 0.004616
v 0.000445 0.001192 0.002616
v 0.000925 -0.000124 0.002616
v 0.000727 0.001294 0.004616
v 0.000727 0.001294 0.002616
v 0.001206 -0.000021 0.002616
v 0.003545 0.002322 0.004616
v 0.003264 0.002219 0.004616
v 0.003545 0.002322 0.002616
v 0.003264 0.002219 0.002616
v 0.004025 0.001007 0.004616
v 0.004025 0.001007 0.002616
v 0.003743 0.000904 0.002616
v -0.000328 -0.000189 0.004616
v -0.000457 0.000268 0.004616
v -0.000503 0.000754 0.004616
v 0.000342 0.001474 0.004616
v 0.000787 0.001423 0.004616
v 0.004355 0.001045 0.004616
v 0.003872 0.002367 0.004616
v 0.003443 0.002604 0.004616
v 0.003161 0.002501 0.004616
v 0.003135 0.002279 0.004616
v 0.002930 0.002257 0.004616
v 0.002947 0.002210 0.004616
v 0.000975 0.001491 0.004616
v 0.000957 0.001538 0.004616
v 0.000624 0.001576 0.004616
v -0.000585 0.000724 0.004616
v 0.003743 0.000904 -0.005184
v 0.003264 0.002219 -0.005184
v 0.001206 -0.000021 -0.005184
v 0.002930 0.002257 -0.005184
v 0.000957 0.001538 -0.005184
v 0.002947 0.002210 -0.005184
v 0.000975 0.001491 -0.005184
v 0.000727 0.001294 -0.005184
v 0.000787 0.001423 -0.005184
v 0.003135 0.002279 -0.005184
v 0.002930 0.002257 -0.005484
v 0.000957 0.001538 -0.005484
v 0.000714 0.000454 -0.005484
v 0.000528 0.000964 -0.005484
v 0.003161 0.002501 -0.005484
v 0.003872 0.002367 -0.005484
v 0.004355 0.001045 -0.005484
v 0.003443 0.002604 -0.005484
v 0.000900 -0.000055 -0.005484
v 0.000342 0.001474 -0.005484
v 0.000624 0.001576 -0.005484
v -0.002143 0.000000 0.001802
v -0.002491 0.000000 0.001386
v -0.002145 0.000000 0.001776
v -0.002450 0.000000 0.001258
v -0.002143 0.000000 0.001750
v -0.002414 0.000000 0.001129
v -0.002383 0.000000 0.000999
v -0.002136 0.000000 0.001827
v -0.002587 0.000000 0.001636
v -0.002536 0.000000 0.001512
v -0.002125 0.000000 0.001851
v -0.001997 0.000000 0.002441
v -0.002643 0.000000 0.001759
v -0.002110 0.000000 0.001872
v -0.002092 0.000000 0.001891
v -0.002070 0.000000 0.001906
v -0.002047 0.000000 0.001917
v -0.002022 0.000000 0.001924
v -0.001995 0.000000 0.001926
v -0.001969 0.000000 0.001924
v -0.001944 0.000000 0.001917
v -0.001920 0.000000 0.001906
v -0.001899 0.000000 0.001891
v -0.001881 0.000000 0.001872
v -0.001866 0.000000 0.001851
v -0.001855 0.000000 0.001827
v -0.001036 0.000000 0.003115
v -0.001848 0.000000 0.001802
v -0.001845 0.000000 0.001776
v -0.001848 0.000000 0.001750
v -0.001036 0.000000 -0.002583
v -0.001848 0.000000 -0.001218
v -0.001845 0.000000 -0.001244
v -0.001855 0.000000 -0.001193
v -0.001855 0.000000 0.001725
v -0.001866 0.000000 -0.001169
v -0.001866 0.000000 0.001701
v -0.001881 0.000000 0.001680
v -0.001881 0.000000 -0.001148
v -0.001899 0.000000 0.001661
v -0.001899 0.000000 -0.001129
v -0.001920 0.000000 0.001646
v -0.001920 0.000000 -0.001114
v -0.001944 0.000000 0.001635
v -0.001944 0.000000 -0.001103
v -0.002305 0.000000 0.000199
v -0.001969 0.000000 -0.001096
v -0.001995 0.000000 -0.001094
v -0.002310 0.000000 0.000065
v -0.002022 0.000000 -0.001096
v -0.002047 0.000000 -0.001103
v -0.002320 0.000000 -0.000069
v -0.002070 0.000000 -0.001114
v -0.002336 0.000000 -0.000202
v -0.002092 0.000000 -0.001129
v -0.002110 0.000000 -0.001148
v -0.002357 0.000000 -0.000335
v -0.002125 0.000000 -0.001169
v -0.002136 0.000000 -0.001193
v -0.002383 0.000000 -0.000466
v -0.002143 0.000000 -0.001218
v -0.002414 0.000000 -0.000597
v -0.002450 0.000000 -0.000726
v -0.002305 0.000000 0.000333
v -0.001969 0.000000 0.001628
v -0.001995 0.000000 0.001626
v -0.002310 0.000000 0.000467
v -0.002022 0.000000 0.001628
v -0.002047 0.000000 0.001635
v -0.002320 0.000000 0.000601
v -0.002070 0.000000 0.001646
v -0.002336 0.000000 0.000734
v -0.002092 0.000000 0.001661
v -0.002110 0.000000 0.001680
v -0.002357 0.000000 0.000867
v -0.002125 0.000000 0.001701
v -0.002136 0.000000 0.001725
v -0.002145 0.000000 -0.001244
v -0.002491 0.000000 -0.000854
v -0.002143 0.000000 -0.001270
v -0.002536 0.000000 -0.000980
v -0.002587 0.000000 -0.001104
v -0.001848 0.000000 -0.001270
v -0.001855 0.000000 -0.001295
v -0.001997 0.000000 -0.001909
v -0.001866 0.000000 -0.001319
v -0.001881 0.000000 -0.001340
v -0.001899 0.000000 -0.001359
v -0.001920 0.000000 -0.001374
v -0.001944 0.000000 -0.001385
v -0.001969 0.000000 -0.001392
v -0.001995 0.000000 -0.001394
v -0.002022 0.000000 -0.001392
v -0.002047 0.000000 -0.001385
v -0.002070 0.000000 -0.001374
v -0.002092 0.000000 -0.001359
v -0.002110 0.000000 -0.001340
v -0.002125 0.000000 -0.001319
v -0.002136 0.000000 -0.001295
v -0.002643 0.000000 -0.001227
v -0.002703 0.000000 -0.001346
v -0.002768 0.000000 -0.001464
v -0.002768 0.000000 0.001996
v -0.002703 0.000000 0.001879
v -0.001736 0.000300 -0.002092
v -0.001848 0.000300 0.001750
v -0.001736 0.000300 0.002624
v -0.001845 0.000300 0.001776
v -0.001848 0.000300 0.001802
v -0.001997 0.000300 -0.001909
v -0.001899 0.000300 -0.001359
v -0.001881 0.000300 -0.001340
v -0.001866 0.000300 -0.001319
v -0.002768 0.000300 -0.001464
v -0.002703 0.000300 -0.001346
v -0.002643 0.000300 -0.001227
v -0.002587 0.000300 -0.001104
v -0.002536 0.000300 -0.000980
v -0.002143 0.000300 -0.001270
v -0.002136 0.000300 -0.001295
v -0.002125 0.000300 -0.001319
v -0.002110 0.000300 -0.001340
v -0.002491 0.000300 -0.000854
v -0.002145 0.000300 -0.001244
v -0.002450 0.000300 -0.000726
v -0.002414 0.000300 -0.000597
v -0.002383 0.000300 -0.000466
v -0.002143 0.000300 -0.001218
v -0.002357 0.000300 -0.000335
v -0.002136 0.000300 -0.001193
v -0.002336 0.000300 -0.000202
v -0.002125 0.000300 -0.001169
v -0.002320 0.000300 -0.000069
v -0.002110 0.000300 -0.001148
v -0.002092 0.000300 -0.001129
v -0.002310 0.000300 0.000065
v -0.002070 0.000300 -0.001114
v -0.002047 0.000300 -0.001103
v -0.002305 0.000300 0.000199
v -0.002022 0.000300 -0.001096
v -0.001995 0.000300 -0.001094
v -0.001995 0.000300 0.001626
v -0.001969 0.000300 -0.001096
v -0.001969 0.000300 0.001628
v -0.001944 0.000300 -0.001103
v -0.001944 0.000300 0.001635
v -0.001920 0.000300 -0.001114
v -0.001920 0.000300 0.001646
v -0.001899 0.000300 -0.001129
v -0.001899 0.000300 0.001661
v -0.001881 0.000300 -0.001148
v -0.001881 0.000300 0.001680
v -0.001866 0.000300 -0.001169
v -0.001866 0.000300 0.001701
v -0.001855 0.000300 -0.001193
v -0.001855 0.000300 0.001725
v -0.001848 0.000300 -0.001218
v -0.002305 0.000300 0.000333
v -0.002022 0.000300 0.001628
v -0.002047 0.000300 0.001635
v -0.002310 0.000300 0.000467
v -0.002070 0.000300 0.001646
v -0.002092 0.000300 0.001661
v -0.002320 0.000300 0.000601
v -0.002110 0.000300 0.001680
v -0.002125 0.000300 0.001701
v -0.002336 0.000300 0.000734
v -0.002136 0.000300 0.001725
v -0.002357 0.000300 0.000867
v -0.002143 0.000300 0.001750
v -0.002383 0.000300 0.000999
v -0.002145 0.000300 0.001776
v -0.002414 0.000300 0.001129
v -0.002450 0.000300 0.001258
v -0.002491 0.000300 0.001386
v -0.002143 0.000300 0.001802
v -0.002536 0.000300 0.001512
v -0.002587 0.000300 0.001636
v -0.002643 0.000300 0.001759
v -0.001997 0.000300 0.002441
v -0.002136 0.000300 0.001827
v -0.002703 0.000300 0.001879
v -0.002768 0.000300 0.001996
v -0.001899 0.000300 0.001891
v -0.001920 0.000300 0.001906
v -0.001944 0.000300 0.001917
v -0.001855 0.000300 0.001827
v -0.001866 0.000300 0.001851
v -0.001881 0.000300 0.001872
v -0.001969 0.000300 0.001924
v -0.001995 0.000300 0.001926
v -0.002022 0.000300 0.001924
v -0.002047 0.000300 0.001917
v -0.002070 0.000300 0.001906
v -0.002092 0.000300 0.001891
v -0.002110 0.000300 0.001872
v -0.002125 0.000300 0.001851
v -0.002092 0.000300 -0.001359
v -0.002070 0.000300 -0.001374
v -0.002047 0.000300 -0.001385
v -0.002022 0.000300 -0.001392
v -0.001995 0.000300 -0.001394
v -0.001969 0.000300 -0.001392
v -0.001944 0.000300 -0.001385
v -0.001920 0.000300 -0.001374
v -0.001855 0.000300 -0.001295
v -0.001848 0.000300 -0.001270
v -0.001845 0.000300 -0.001244
v -0.001036 0.000075 -0.002583
v -0.001036 0.000150 -0.002583
v -0.001036 0.000225 -0.002583
v -0.001036 0.000300 -0.002583
v -0.001036 0.000364 -0.002583
v -0.001036 0.000429 -0.002583
v -0.001036 0.000493 -0.002583
v -0.001036 0.000558 -0.002583
v -0.001036 0.000150 0.003115
v -0.001036 0.000300 0.003115
v -0.001036 0.000429 0.003115
v -0.001036 0.000558 0.003115
v 0.000333 0.001224 -0.005324
v 0.000270 0.001400 -0.005324
v 0.000193 0.001335 -0.005164
v 0.000253 0.001168 -0.005164
v 0.000460 0.000872 -0.005324
v 0.000373 0.000834 -0.005164
v 0.000524 0.000697 -0.005324
v 0.000433 0.000667 -0.005164
v 0.000587 0.000521 -0.005324
v 0.000493 0.000500 -0.005164
v 0.000714 0.000169 -0.005324
v 0.000612 0.000166 -0.005164
v 0.000842 -0.000182 -0.005324
v 0.000732 -0.000169 -0.005164
v 0.000555 -0.000424 -0.004759
v 0.000290 -0.000353 -0.004396
v 0.000294 -0.000113 -0.004524
v 0.000403 -0.000127 -0.004684
v 0.000513 -0.000141 -0.004844
v 0.000306 0.000155 -0.004684
v 0.000408 0.000159 -0.004844
v 0.000208 0.000437 -0.004684
v 0.000303 0.000458 -0.004844
v 0.000160 0.000578 -0.004684
v 0.000251 0.000608 -0.004844
v 0.000111 0.000719 -0.004684
v 0.000198 0.000758 -0.004844
v 0.000014 0.001002 -0.004684
v 0.000093 0.001057 -0.004844
v -0.000035 0.001143 -0.004684
v 0.000041 0.001207 -0.004844
v -0.000080 0.001114 -0.004594
v 0.000117 0.001271 -0.005004
v 0.000025 -0.000283 -0.004033
v 0.000075 -0.000086 -0.004204
v 0.000184 -0.000100 -0.004364
v 0.000102 0.000148 -0.004364
v 0.000204 0.000151 -0.004524
v 0.000019 0.000395 -0.004364
v 0.000114 0.000416 -0.004524
v -0.000022 0.000519 -0.004364
v 0.000069 0.000549 -0.004524
v -0.000064 0.000643 -0.004364
v 0.000024 0.000681 -0.004524
v -0.000146 0.000890 -0.004364
v -0.000066 0.000946 -0.004524
v -0.000187 0.001014 -0.004364
v -0.000111 0.001078 -0.004524
v -0.000145 -0.000058 -0.003884
v -0.000240 -0.000212 -0.003671
v -0.000254 -0.000044 -0.003724
v -0.000364 -0.000030 -0.003564
v -0.000409 0.000130 -0.003564
v -0.000511 0.000127 -0.003404
v -0.000549 0.000270 -0.003404
v -0.000644 0.000249 -0.003244
v -0.000659 0.000312 -0.003244
v -0.000750 0.000283 -0.003084
v -0.000762 0.000337 -0.003084
v -0.000849 0.000299 -0.002924
v -0.000865 0.000390 -0.002924
v -0.000950 0.000331 -0.002753
v -0.000954 0.000367 -0.002753
v -0.000958 0.000404 -0.002753
v -0.000962 0.000440 -0.002753
v -0.000966 0.000476 -0.002753
v -0.000889 0.000527 -0.002924
v -0.000897 0.000573 -0.002924
v -0.000847 0.000627 -0.003041
v -0.000863 0.000621 -0.003008
v -0.000878 0.000616 -0.002975
v -0.000893 0.000610 -0.002945
v -0.000907 0.000605 -0.002915
v -0.000970 0.000513 -0.002753
v -0.000505 -0.000141 -0.003308
v -0.000473 -0.000017 -0.003404
v -0.000613 0.000123 -0.003244
v -0.000739 0.000228 -0.003084
v -0.000841 0.000253 -0.002924
v -0.000942 0.000258 -0.002753
v -0.000583 -0.000003 -0.003244
v -0.000638 -0.000106 -0.003127
v -0.000692 0.000011 -0.003084
v -0.000770 -0.000071 -0.002945
v -0.000802 0.000025 -0.002924
v -0.000903 -0.000035 -0.002764
v -0.000919 0.000040 -0.002753
v -0.000927 0.000112 -0.002753
v -0.000935 0.000185 -0.002753
v -0.000939 0.000222 -0.002753
v -0.000834 0.000207 -0.002924
v -0.000992 0.000574 -0.002715
v -0.000974 0.000549 -0.002753
v -0.000943 0.000592 -0.002835
v -0.000932 0.000596 -0.002860
v -0.001024 0.000562 -0.002625
v -0.001009 0.000567 -0.002670
v -0.000974 0.000580 -0.002762
v -0.000954 0.000588 -0.002810
v -0.000920 0.000600 -0.002887
v -0.000820 0.000609 -0.003084
v -0.000829 0.000634 -0.003077
v -0.000811 0.000640 -0.003113
v -0.000792 0.000647 -0.003152
v -0.000771 0.000655 -0.003192
v -0.000809 0.000554 -0.003084
v -0.000736 0.000627 -0.003244
v -0.000721 0.000564 -0.003244
v -0.000645 0.000628 -0.003404
v -0.000626 0.000557 -0.003404
v -0.000546 0.000612 -0.003564
v -0.000500 0.000452 -0.003564
v -0.000413 0.000490 -0.003724
v -0.000386 0.000401 -0.003724
v -0.000295 0.000430 -0.003884
v -0.000265 0.000333 -0.003884
v -0.000076 0.000375 -0.004204
v -0.000001 0.000144 -0.004204
v -0.000750 0.000663 -0.003234
v -0.000727 0.000671 -0.003278
v -0.000704 0.000680 -0.003324
v -0.000679 0.000689 -0.003372
v -0.000653 0.000699 -0.003422
v -0.000625 0.000709 -0.003474
v -0.000568 0.000693 -0.003564
v -0.000597 0.000719 -0.003528
v -0.000567 0.000730 -0.003585
v -0.000535 0.000742 -0.003644
v -0.000503 0.000754 -0.003705
v -0.000492 0.000757 -0.003724
v -0.000416 0.000821 -0.003884
v -0.000386 0.000724 -0.003884
v -0.000226 0.000835 -0.004204
v -0.000151 0.000605 -0.004204
v -0.000291 0.000934 -0.004150
v -0.000264 0.000950 -0.004204
v 0.000622 -0.000155 -0.005004
v 0.000510 0.000162 -0.005004
v 0.000398 0.000479 -0.005004
v 0.000342 0.000637 -0.005004
v 0.000286 0.000796 -0.005004
v 0.000173 0.001113 -0.005004
v -0.000113 0.000490 -0.004204
v -0.000205 0.000137 -0.003884
v -0.000360 0.000312 -0.003724
v -0.000477 0.000371 -0.003564
v -0.000587 0.000413 -0.003404
v -0.000705 0.000501 -0.003244
v -0.000797 0.000500 -0.003084
v -0.000881 0.000481 -0.002924
v -0.000307 0.000134 -0.003724
v -0.000326 0.000528 -0.003884
v -0.000466 0.000668 -0.003724
v -0.000455 0.000291 -0.003564
v -0.000568 0.000342 -0.003404
v -0.000675 0.000375 -0.003244
v -0.000785 0.000446 -0.003084
v -0.000873 0.000436 -0.002924
v -0.000716 0.000120 -0.003084
v -0.000818 0.000116 -0.002924
v -0.000631 0.000707 0.004482
v -0.000675 0.000691 0.004352
v -0.000696 0.000683 0.004289
v -0.000717 0.000675 0.004227
v -0.000737 0.000668 0.004166
v -0.000756 0.000660 0.004106
v -0.000775 0.000653 0.004048
v -0.000794 0.000647 0.003992
v -0.000811 0.000640 0.003938
v -0.000828 0.000634 0.003886
v -0.000844 0.000628 0.003835
v -0.000860 0.000622 0.003785
v -0.000875 0.000617 0.003737
v -0.000889 0.000612 0.003690
v -0.000903 0.000607 0.003645
v -0.000916 0.000602 0.003601
v -0.000928 0.000597 0.003558
v -0.000940 0.000593 0.003516
v -0.000951 0.000589 0.003476
v -0.000962 0.000585 0.003438
v -0.000972 0.000581 0.003400
v -0.000981 0.000578 0.003364
v -0.000990 0.000574 0.003328
v -0.000999 0.000571 0.003294
v -0.001006 0.000568 0.003262
v -0.001013 0.000566 0.003230
v -0.001026 0.000561 0.003170
v -0.000505 -0.000141 0.004241
v -0.000682 -0.000094 0.003865
v -0.000859 -0.000047 0.003490
v -0.000947 -0.000024 0.003302
v -0.000427 0.000022 0.004522
v -0.000409 -0.000044 0.004522
v -0.000391 -0.000111 0.004522
v -0.000434 -0.000102 0.004428
v -0.000477 -0.000093 0.004334
v -0.000520 -0.000084 0.004241
v -0.000492 -0.000032 0.004334
v -0.000534 -0.000026 0.004241
v -0.000508 0.000028 0.004334
v -0.000549 0.000032 0.004241
v -0.000524 0.000089 0.004334
v -0.000563 0.000089 0.004241
v -0.000540 0.000149 0.004334
v -0.000578 0.000147 0.004241
v -0.000556 0.000210 0.004334
v -0.000593 0.000205 0.004241
v -0.000571 0.000271 0.004334
v -0.000607 0.000262 0.004241
v -0.000587 0.000331 0.004334
v -0.000622 0.000320 0.004241
v -0.000619 0.000452 0.004334
v -0.000651 0.000435 0.004241
v -0.000651 0.000573 0.004334
v -0.000680 0.000551 0.004241
v -0.000709 0.000666 0.004240
v -0.000737 0.000638 0.004147
v -0.000555 0.000485 0.004522
v -0.000518 0.000353 0.004522
v -0.000500 0.000287 0.004522
v -0.000536 0.000279 0.004428
v -0.000519 0.000215 0.004428
v -0.000591 0.000618 0.004522
v -0.000621 0.000595 0.004428
v -0.000750 0.000624 0.004100
v -0.000764 0.000610 0.004053
v -0.000791 0.000582 0.003959
v -0.000802 0.000631 0.003959
v -0.000818 0.000554 0.003865
v -0.000828 0.000600 0.003865
v -0.000845 0.000526 0.003771
v -0.000854 0.000569 0.003771
v -0.000873 0.000498 0.003677
v -0.000880 0.000538 0.003677
v -0.000900 0.000470 0.003584
v -0.000906 0.000508 0.003584
v -0.000927 0.000442 0.003490
v -0.000932 0.000477 0.003490
v -0.000954 0.000414 0.003396
v -0.000958 0.000446 0.003396
v -0.000981 0.000386 0.003302
v -0.000984 0.000415 0.003302
v -0.001008 0.000358 0.003208
v -0.001010 0.000384 0.003208
v -0.001011 0.000410 0.003208
v -0.001013 0.000461 0.003208
v -0.001015 0.000512 0.003208
v -0.000995 0.000556 0.003302
v -0.000991 0.000500 0.003302
v -0.000968 0.000540 0.003396
v -0.000986 0.000444 0.003302
v -0.000961 0.000478 0.003396
v -0.000862 0.000613 0.003771
v -0.000887 0.000579 0.003677
v -0.000912 0.000545 0.003584
v -0.000937 0.000512 0.003490
v -0.000946 0.000579 0.003490
v -0.001004 0.000252 0.003208
v -0.001006 0.000305 0.003208
v -0.000995 0.000067 0.003208
v -0.000996 0.000094 0.003208
v -0.000997 0.000120 0.003208
v -0.000959 0.000123 0.003302
v -0.000962 0.000152 0.003302
v -0.000925 0.000157 0.003396
v -0.000929 0.000189 0.003396
v -0.000893 0.000197 0.003490
v -0.000898 0.000232 0.003490
v -0.000863 0.000243 0.003584
v -0.000875 0.000319 0.003584
v -0.000843 0.000335 0.003677
v -0.000858 0.000417 0.003677
v -0.000828 0.000439 0.003771
v -0.000993 0.000015 0.003208
v -0.000994 0.000041 0.003208
v -0.000954 0.000064 0.003302
v -0.000957 0.000093 0.003302
v -0.000918 0.000093 0.003396
v -0.000921 0.000125 0.003396
v -0.000883 0.000127 0.003490
v -0.000888 0.000162 0.003490
v -0.000851 0.000168 0.003584
v -0.000857 0.000205 0.003584
v -0.000821 0.000214 0.003677
v -0.000829 0.000254 0.003677
v -0.000794 0.000265 0.003771
v -0.000811 0.000352 0.003771
v -0.000779 0.000369 0.003865
v -0.000799 0.000461 0.003865
v -0.000769 0.000484 0.003959
v -0.000907 -0.000003 0.003396
v -0.000950 0.000006 0.003302
v -0.000952 0.000035 0.003302
v -0.000778 -0.000030 0.003677
v -0.000821 -0.000021 0.003584
v -0.000864 -0.000012 0.003490
v -0.000827 0.000017 0.003584
v -0.000868 0.000023 0.003490
v -0.000833 0.000054 0.003584
v -0.000873 0.000058 0.003490
v -0.000839 0.000092 0.003584
v -0.000878 0.000093 0.003490
v -0.000845 0.000130 0.003584
v -0.000606 -0.000066 0.004053
v -0.000649 -0.000057 0.003959
v -0.000692 -0.000048 0.003865
v -0.000660 -0.000008 0.003959
v -0.000701 -0.000002 0.003865
v -0.000671 0.000041 0.003959
v -0.000711 0.000045 0.003865
v -0.000682 0.000091 0.003959
v -0.000721 0.000091 0.003865
v -0.000692 0.000140 0.003959
v -0.000731 0.000137 0.003865
v -0.000703 0.000189 0.003959
v -0.000740 0.000184 0.003865
v -0.000714 0.000238 0.003959
v -0.000750 0.000230 0.003865
v -0.000725 0.000287 0.003959
v -0.000760 0.000276 0.003865
v -0.000747 0.000385 0.003959
v -0.000563 -0.000075 0.004147
v -0.000576 -0.000020 0.004147
v -0.000589 0.000035 0.004147
v -0.000603 0.000090 0.004147
v -0.000616 0.000145 0.004147
v -0.000630 0.000199 0.004147
v -0.000643 0.000254 0.004147
v -0.000656 0.000309 0.004147
v -0.000683 0.000419 0.004147
v -0.000710 0.000528 0.004147
v -0.000584 -0.000070 0.004100
v -0.000597 -0.000017 0.004100
v -0.000610 0.000037 0.004100
v -0.000622 0.000090 0.004100
v -0.000635 0.000143 0.004100
v -0.000648 0.000197 0.004100
v -0.000661 0.000250 0.004100
v -0.000674 0.000304 0.004100
v -0.000699 0.000410 0.004100
v -0.000725 0.000517 0.004100
v -0.000735 -0.000039 0.003771
v -0.000743 0.000004 0.003771
v -0.000752 0.000048 0.003771
v -0.000760 0.000091 0.003771
v -0.000769 0.000135 0.003771
v -0.000777 0.000178 0.003771
v -0.000786 0.000222 0.003771
v -0.000785 0.000011 0.003677
v -0.000792 0.000051 0.003677
v -0.000800 0.000092 0.003677
v -0.000807 0.000132 0.003677
v -0.000814 0.000173 0.003677
v -0.000910 0.000029 0.003396
v -0.000914 0.000061 0.003396
v -0.000587 0.000469 0.004428
v -0.000553 0.000342 0.004428
v -0.000482 0.000221 0.004522
v -0.000464 0.000154 0.004522
v -0.000445 0.000088 0.004522
v -0.000485 0.000089 0.004428
v -0.000468 0.000025 0.004428
v -0.000502 0.000152 0.004428
v -0.000451 -0.000038 0.004428
v -0.000618 -0.000014 0.004053
v -0.000630 0.000038 0.004053
v -0.000642 0.000090 0.004053
v -0.000654 0.000142 0.004053
v -0.000666 0.000194 0.004053
v -0.000679 0.000246 0.004053
v -0.000691 0.000298 0.004053
v -0.000715 0.000402 0.004053
v -0.000739 0.000506 0.004053
v -0.000888 0.000394 0.003584
v -0.000917 0.000372 0.003490
v -0.000947 0.000350 0.003396
v -0.000976 0.000327 0.003302
v -0.000907 0.000302 0.003490
v -0.000932 0.000221 0.003396
v -0.000964 0.000181 0.003302
v -0.000999 0.000147 0.003208
v -0.000939 0.000285 0.003396
v -0.000971 0.000269 0.003302
v -0.000967 0.000210 0.003302
v -0.001000 0.000173 0.003208
v -0.001001 0.000199 0.003208
vn -0.9625 -0.2712 -0.0000
vn -0.0000 -0.0000 -1.0000
vn -0.0000 -0.0001 -1.0000
vn -0.0000 0.0002 -1.0000
vn -0.0000 0.0006 -1.0000
vn -0.0000 -0.0005 -1.0000
vn -0.0000 -0.0002 -1.0000
vn -0.0000 0.0005 -1.0000
vn -0.0000 0.0003 -1.0000
vn -0.0000 0.0001 -1.0000
vn -0.0000 -0.0003 -1.0000
vn -0.0000 -0.0004 -1.0000
vn -0.0000 0.0004 -1.0000
vn -0.3425 0.9395 -0.0000
vn -0.9395 -0.3425 -0.0000
vn 0.3425 -0.9395 -0.0000
vn 0.9395 0.3425 -0.0000
vn 0.2675 -0.7336 0.6247
vn 0.9976 -0.0697 -0.0000
vn 0.9976 0.0697 -0.0000
vn 0.9781 0.2079 -0.0000
vn 0.9397 0.3420 -0.0000
vn 0.8829 0.4695 -0.0000
vn 0.8830 0.4695 -0.0000
vn 0.8090 0.5878 -0.0000
vn 0.7193 0.6947 -0.0000
vn 0.6157 0.7880 -0.0000
vn 0.5000 0.8660 -0.0000
vn 0.3746 0.9272 -0.0000
vn 0.2419 0.9703 -0.0000
vn 0.1045 0.9945 -0.0000
vn -0.0349 0.9994 -0.0000
vn -0.1736 0.9848 -0.0000
vn -0.3090 0.9511 -0.0000
vn -0.4384 0.8988 -0.0000
vn -0.5592 0.8290 -0.0000
vn -0.6691 0.7431 -0.0000
vn -0.7661 0.6428 -0.0000
vn -0.7660 0.6428 -0.0000
vn -0.8480 0.5299 -0.0000
vn -0.9136 0.4067 -0.0000
vn -0.9613 0.2757 -0.0000
vn -0.9903 0.1392 -0.0000
vn -1.0000 -0.0000 -0.0000
vn -0.9903 -0.1392 -0.0000
vn -0.9613 -0.2757 -0.0000
vn -0.9136 -0.4067 -0.0000
vn -0.8480 -0.5299 -0.0000
vn -0.7661 -0.6428 -0.0000
vn -0.7660 -0.6428 -0.0000
vn -0.6691 -0.7431 -0.0000
vn -0.5592 -0.8290 -0.0000
vn -0.4384 -0.8988 -0.0000
vn -0.3090 -0.9511 -0.0000
vn -0.1736 -0.9848 -0.0000
vn -0.0349 -0.9994 -0.0000
vn 0.1045 -0.9945 -0.0000
vn 0.2419 -0.9703 -0.0000
vn 0.3746 -0.9272 -0.0000
vn 0.5000 -0.8660 -0.0000
vn 0.6157 -0.7880 -0.0000
vn 0.7193 -0.6947 -0.0000
vn 0.8090 -0.5878 -0.0000
vn 0.8829 -0.4695 -0.0000
vn 0.8830 -0.4695 -0.0000
vn 0.9397 -0.3420 -0.0000
vn 0.9781 -0.2079 -0.0000
vn -0.0000 -0.0000 1.0000
vn -0.0000 -0.0002 1.0000
vn -0.0000 0.0001 1.0000
vn -0.0000 0.0003 1.0000
vn -0.0000 -0.0004 1.0000
vn -0.0000 0.0002 1.0000
vn -0.0000 -0.0001 1.0000
vn -0.0000 0.0006 1.0000
vn -0.0000 0.0004 1.0000
vn -0.3455 0.9384 -0.0000
vn -0.6484 0.7613 -0.0000
vn 0.1138 0.9935 -0.0000
vn 0.9065 -0.4221 -0.0000
vn -0.9014 -0.2649 0.3426
vn -0.9026 -0.2543 0.3473
vn -0.8977 -0.2629 0.3537
vn -0.8934 -0.2701 0.3591
vn -0.8951 -0.2706 0.3542
vn -0.8913 -0.2768 0.3592
vn -0.8929 -0.2774 0.3546
vn -0.8894 -0.2827 0.3592
vn -0.8910 -0.2832 0.3550
vn -0.8877 -0.2878 0.3592
vn -0.8892 -0.2883 0.3552
vn -0.8862 -0.2924 0.3593
vn -0.8876 -0.2928 0.3555
vn -0.8849 -0.2965 0.3593
vn -0.8862 -0.2969 0.3557
vn -0.8837 -0.3001 0.3593
vn -0.8849 -0.3005 0.3559
vn -0.8825 -0.3034 0.3593
vn -0.8837 -0.3038 0.3561
vn -0.8815 -0.3064 0.3593
vn -0.8826 -0.3067 0.3562
vn -0.8806 -0.3091 0.3593
vn -0.8816 -0.3094 0.3563
vn -0.8797 -0.3116 0.3593
vn -0.8807 -0.3119 0.3565
vn -0.8789 -0.3138 0.3593
vn -0.8799 -0.3142 0.3566
vn -0.8781 -0.3159 0.3593
vn -0.8791 -0.3163 0.3567
vn -0.8774 -0.3179 0.3592
vn -0.8782 -0.3181 0.3573
vn -0.8768 -0.3197 0.3592
vn -0.8764 -0.3175 0.3621
vn -0.8765 -0.3175 0.3617
vn -0.8772 -0.3156 0.3618
vn -0.8767 -0.3154 0.3631
vn -0.8774 -0.3133 0.3633
vn -0.8769 -0.3131 0.3646
vn -0.8776 -0.3108 0.3649
vn -0.8771 -0.3107 0.3663
vn -0.8779 -0.3081 0.3666
vn -0.8776 -0.3081 0.3673
vn -0.8784 -0.3053 0.3677
vn -0.8781 -0.3052 0.3685
vn -0.8790 -0.3021 0.3689
vn -0.8787 -0.3020 0.3697
vn -0.8796 -0.2987 0.3702
vn -0.8793 -0.2986 0.3711
vn -0.8803 -0.2949 0.3717
vn -0.8800 -0.2948 0.3726
vn -0.8810 -0.2907 0.3733
vn -0.8806 -0.2906 0.3742
vn -0.8818 -0.2859 0.3751
vn -0.8814 -0.2858 0.3761
vn -0.8827 -0.2806 0.3771
vn -0.8823 -0.2805 0.3781
vn -0.8836 -0.2744 0.3793
vn -0.8832 -0.2743 0.3804
vn -0.8846 -0.2675 0.3819
vn -0.8858 -0.2593 0.3848
vn -0.8858 -0.2594 0.3848
vn -0.8873 -0.2598 0.3810
vn -0.8856 -0.2677 0.3795
vn -0.8861 -0.2679 0.3783
vn -0.8845 -0.2747 0.3771
vn -0.8849 -0.2748 0.3760
vn -0.8835 -0.2808 0.3750
vn -0.8839 -0.2809 0.3740
vn -0.8825 -0.2862 0.3731
vn -0.8829 -0.2863 0.3721
vn -0.8817 -0.2909 0.3714
vn -0.8821 -0.2910 0.3705
vn -0.8809 -0.2951 0.3699
vn -0.8813 -0.2953 0.3690
vn -0.8802 -0.2989 0.3685
vn -0.8805 -0.2990 0.3677
vn -0.8796 -0.3024 0.3673
vn -0.8802 -0.3026 0.3657
vn -0.8793 -0.3056 0.3654
vn -0.8798 -0.3058 0.3639
vn -0.8789 -0.3085 0.3637
vn -0.8795 -0.3087 0.3622
vn -0.8787 -0.3112 0.3621
vn -0.8792 -0.3114 0.3607
vn -0.8784 -0.3137 0.3606
vn -0.8984 -0.2531 0.3588
vn -0.8938 -0.2617 0.3642
vn -0.8957 -0.2623 0.3590
vn -0.8925 -0.2698 0.3615
vn -0.8904 -0.2766 0.3614
vn -0.8886 -0.2824 0.3613
vn -0.8870 -0.2876 0.3613
vn -0.8877 -0.2878 0.3593
vn -0.8856 -0.2921 0.3612
vn -0.8842 -0.2962 0.3611
vn -0.8830 -0.2999 0.3610
vn -0.8820 -0.3032 0.3609
vn -0.8809 -0.3062 0.3608
vn -0.8815 -0.3063 0.3593
vn -0.8800 -0.3089 0.3607
vn -0.8942 -0.2519 0.3702
vn -0.8916 -0.2695 0.3639
vn -0.8898 -0.2507 0.3813
vn -0.8898 -0.2606 0.3746
vn -0.8888 -0.2603 0.3772
vn -0.8870 -0.2682 0.3760
vn -0.8874 -0.2683 0.3748
vn -0.8858 -0.2751 0.3738
vn -0.8862 -0.2753 0.3727
vn -0.8847 -0.2812 0.3719
vn -0.8851 -0.2813 0.3708
vn -0.8837 -0.2865 0.3702
vn -0.8840 -0.2867 0.3692
vn -0.8828 -0.2912 0.3686
vn -0.8835 -0.2915 0.3668
vn -0.8823 -0.2956 0.3664
vn -0.8829 -0.2958 0.3646
vn -0.8818 -0.2995 0.3644
vn -0.8824 -0.2997 0.3627
vn -0.8814 -0.3030 0.3625
vn -0.8819 -0.3032 0.3609
vn -0.8827 -0.2742 0.3816
vn -0.8819 -0.2803 0.3792
vn -0.8823 -0.2804 0.3781
vn -0.8810 -0.2857 0.3770
vn -0.8803 -0.2904 0.3751
vn -0.8807 -0.2905 0.3742
vn -0.8796 -0.2947 0.3734
vn -0.8799 -0.2948 0.3725
vn -0.8790 -0.2985 0.3719
vn -0.8784 -0.3020 0.3705
vn -0.8787 -0.3021 0.3697
vn -0.8778 -0.3051 0.3692
vn -0.8773 -0.3080 0.3680
vn -0.8776 -0.3080 0.3673
vn -0.8769 -0.3106 0.3670
vn -0.8764 -0.3129 0.3660
vn -0.8763 -0.3152 0.3644
vn -0.8761 -0.3174 0.3630
vn -0.8803 -0.2854 0.3790
vn -0.8796 -0.2902 0.3770
vn -0.8786 -0.2943 0.3761
vn -0.8789 -0.2945 0.3752
vn -0.8780 -0.2982 0.3744
vn -0.8783 -0.2983 0.3736
vn -0.8775 -0.3017 0.3729
vn -0.8778 -0.3018 0.3721
vn -0.8770 -0.3048 0.3715
vn -0.8773 -0.3049 0.3707
vn -0.8765 -0.3077 0.3702
vn -0.8768 -0.3077 0.3695
vn -0.8761 -0.3103 0.3691
vn -0.8763 -0.3104 0.3684
vn -0.8757 -0.3126 0.3680
vn -0.8759 -0.3128 0.3673
vn -0.8753 -0.3149 0.3670
vn -0.8755 -0.3150 0.3663
vn -0.8749 -0.3170 0.3661
vn -0.8746 -0.3169 0.3669
vn -0.8747 -0.3168 0.3669
vn -0.8750 -0.3190 0.3640
vn -0.8783 -0.2943 0.3769
vn -0.8777 -0.2980 0.3752
vn -0.8777 -0.2981 0.3752
vn -0.8772 -0.3015 0.3737
vn -0.8767 -0.3047 0.3722
vn -0.8762 -0.3076 0.3709
vn -0.8765 -0.3076 0.3702
vn -0.8758 -0.3102 0.3698
vn -0.8754 -0.3126 0.3687
vn -0.8757 -0.3127 0.3680
vn -0.8751 -0.3148 0.3676
vn -0.8747 -0.3169 0.3667
vn -0.8758 -0.3044 0.3745
vn -0.8769 -0.3014 0.3745
vn -0.8734 -0.3142 0.3721
vn -0.8748 -0.3098 0.3725
vn -0.8742 -0.3121 0.3720
vn -0.8750 -0.3099 0.3718
vn -0.8744 -0.3122 0.3713
vn -0.8753 -0.3100 0.3711
vn -0.8747 -0.3123 0.3706
vn -0.8756 -0.3101 0.3704
vn -0.8749 -0.3124 0.3700
vn -0.8758 -0.3102 0.3697
vn -0.8752 -0.3125 0.3693
vn -0.8733 -0.3184 0.3688
vn -0.8729 -0.3163 0.3716
vn -0.8729 -0.3162 0.3716
vn -0.8733 -0.3164 0.3704
vn -0.8739 -0.3144 0.3708
vn -0.8736 -0.3143 0.3715
vn -0.8785 -0.3203 0.3544
vn -0.8807 -0.3168 0.3522
vn -0.8814 -0.3130 0.3537
vn -0.8817 -0.3123 0.3536
vn -0.8845 -0.3074 0.3509
vn -0.8827 -0.3098 0.3534
vn -0.8884 -0.2976 0.3495
vn -0.8853 -0.3030 0.3527
vn -0.8861 -0.3009 0.3525
vn -0.8958 -0.2782 0.3467
vn -0.8907 -0.2886 0.3512
vn -0.8925 -0.2837 0.3507
vn -0.9011 -0.2636 0.3442
vn -0.8988 -0.2657 0.3487
vn -0.8969 -0.2712 0.3493
vn -0.8929 -0.2773 0.3546
vn -0.8726 -0.3181 0.3706
vn -0.8731 -0.3163 0.3710
vn -0.8757 -0.3074 0.3724
vn -0.8760 -0.3074 0.3717
vn -0.8754 -0.3073 0.3731
vn -0.8764 -0.3046 0.3730
vn -0.8760 -0.3075 0.3717
vn -0.8849 -0.3042 0.3528
vn -0.8826 -0.3068 0.3562
vn -0.8907 -0.2888 0.3512
vn -0.8868 -0.2597 0.3823
vn -0.8847 -0.2674 0.3819
vn -0.8851 -0.2676 0.3807
vn -0.8878 -0.2601 0.3797
vn -0.8861 -0.2679 0.3784
vn -0.8883 -0.2601 0.3785
vn -0.8865 -0.2680 0.3772
vn -0.8898 -0.2605 0.3746
vn -0.8903 -0.2607 0.3733
vn -0.8884 -0.2686 0.3724
vn -0.8888 -0.2687 0.3712
vn -0.8871 -0.2755 0.3704
vn -0.8879 -0.2758 0.3682
vn -0.8863 -0.2817 0.3677
vn -0.8870 -0.2820 0.3656
vn -0.8855 -0.2871 0.3652
vn -0.8863 -0.2874 0.3632
vn -0.8849 -0.2919 0.3630
vn -0.8856 -0.2922 0.3612
vn -0.8893 -0.2604 0.3759
vn -0.8898 -0.2607 0.3746
vn -0.8879 -0.2684 0.3736
vn -0.8908 -0.2609 0.3720
vn -0.8918 -0.2611 0.3694
vn -0.8897 -0.2690 0.3688
vn -0.8928 -0.2615 0.3668
vn -0.8906 -0.2693 0.3664
vn -0.8888 -0.2760 0.3659
vn -0.8948 -0.2620 0.3616
vn -0.8996 -0.2634 0.3484
vn -0.8952 -0.2706 0.3542
vn -0.8851 -0.2677 0.3807
vn -0.8841 -0.2745 0.3782
vn -0.8845 -0.2748 0.3771
vn -0.8831 -0.2807 0.3760
vn -0.8835 -0.2809 0.3750
vn -0.8822 -0.2860 0.3741
vn -0.8826 -0.2861 0.3731
vn -0.8814 -0.2908 0.3724
vn -0.8806 -0.2950 0.3708
vn -0.8799 -0.2988 0.3694
vn -0.8802 -0.2990 0.3685
vn -0.8793 -0.3022 0.3681
vn -0.8787 -0.3054 0.3669
vn -0.8784 -0.3083 0.3651
vn -0.8790 -0.3085 0.3637
vn -0.8782 -0.3110 0.3635
vn -0.8779 -0.3135 0.3620
vn -0.8777 -0.3158 0.3605
vn -0.8781 -0.3159 0.3592
vn -0.8827 -0.2805 0.3771
vn -0.8841 -0.2746 0.3782
vn -0.8865 -0.2679 0.3772
vn -0.8853 -0.2750 0.3749
vn -0.8843 -0.2811 0.3729
vn -0.8833 -0.2864 0.3712
vn -0.8824 -0.2911 0.3696
vn -0.8816 -0.2954 0.3682
vn -0.8812 -0.2993 0.3660
vn -0.8808 -0.3028 0.3641
vn -0.8804 -0.3060 0.3624
vn -0.8810 -0.3061 0.3608
vn -0.8839 -0.2810 0.3740
vn -0.8879 -0.2685 0.3736
vn -0.8862 -0.2752 0.3727
vn -0.8866 -0.2754 0.3716
vn -0.8855 -0.2814 0.3698
vn -0.8848 -0.2869 0.3672
vn -0.8842 -0.2917 0.3649
vn -0.8836 -0.2960 0.3628
vn -0.8916 -0.2696 0.3639
vn -0.8907 -0.2693 0.3664
vn -0.8896 -0.2763 0.3637
vn -0.8871 -0.2820 0.3656
vn -0.8878 -0.2822 0.3635
vn -0.8946 -0.2779 0.3500
vn -0.8807 -0.2856 0.3780
vn -0.8811 -0.2856 0.3770
vn -0.8799 -0.2903 0.3761
vn -0.8803 -0.2905 0.3751
vn -0.8793 -0.2946 0.3743
vn -0.8787 -0.2984 0.3727
vn -0.8781 -0.3019 0.3713
vn -0.8776 -0.3050 0.3700
vn -0.8779 -0.3051 0.3692
vn -0.8771 -0.3079 0.3688
vn -0.8773 -0.3079 0.3681
vn -0.8766 -0.3105 0.3677
vn -0.8769 -0.3105 0.3670
vn -0.8762 -0.3129 0.3666
vn -0.8764 -0.3130 0.3660
vn -0.8758 -0.3151 0.3657
vn -0.8762 -0.3153 0.3644
vn -0.8756 -0.3172 0.3642
vn -0.8813 -0.2908 0.3724
vn -0.8806 -0.2951 0.3708
vn -0.8790 -0.3022 0.3689
vn -0.8793 -0.3023 0.3681
vn -0.8777 -0.3158 0.3606
vn -0.8770 -0.3177 0.3605
vn -0.8843 -0.2810 0.3729
vn -0.8833 -0.2864 0.3711
vn -0.8824 -0.2912 0.3696
vn -0.8813 -0.2952 0.3690
vn -0.8800 -0.3089 0.3608
vn -0.8840 -0.2866 0.3692
vn -0.8886 -0.2825 0.3613
vn -0.8870 -0.2876 0.3612
vn -0.8907 -0.2885 0.3512
vn -0.8890 -0.2933 0.3517
vn -0.8799 -0.2904 0.3760
vn -0.8783 -0.2983 0.3735
vn -0.8793 -0.2945 0.3743
vn -0.8875 -0.2973 0.3521
vn -0.8761 -0.3045 0.3738
vn -0.8772 -0.3016 0.3737
vn -0.8778 -0.3017 0.3721
vn -0.8768 -0.3078 0.3695
vn -0.8762 -0.3129 0.3667
vn -0.8755 -0.3150 0.3664
vn -0.8752 -0.3171 0.3655
vn -0.8741 -0.3145 0.3702
vn -0.8743 -0.3146 0.3696
vn -0.8746 -0.3147 0.3689
vn -0.8748 -0.3147 0.3683
vn -0.8808 -0.3145 0.3539
vn -0.8783 -0.3182 0.3567
vn -0.8800 -0.3166 0.3541
vn -0.8740 -0.3166 0.3685
vn -0.8745 -0.3168 0.3673
vn -0.8743 -0.3167 0.3679
vn -0.8747 -0.3169 0.3669
vn -0.8738 -0.3165 0.3692
vn -0.8744 -0.3145 0.3696
vn -0.8736 -0.3165 0.3698
vn -0.8837 -0.3071 0.3531
vn -0.2575 -0.9663 -0.0000
vn -0.2574 -0.9663 -0.0000
vn 0.9435 -0.3314 -0.0000
vn 0.4823 0.8760 -0.0000
vn -0.7265 0.6871 -0.0000
vn -0.4221 -0.9065 -0.0000
vn 0.9962 0.0872 -0.0000
vn 0.9962 -0.0872 -0.0000
vn 0.9659 -0.2588 -0.0000
vn 0.9063 -0.4226 -0.0000
vn 0.8192 -0.5736 -0.0000
vn 0.7071 -0.7071 -0.0000
vn 0.5736 -0.8191 -0.0000
vn 0.5736 -0.8192 -0.0000
vn 0.4226 -0.9063 -0.0000
vn 0.2588 -0.9659 -0.0000
vn 0.0872 -0.9962 -0.0000
vn -0.0872 -0.9962 -0.0000
vn -0.2588 -0.9659 -0.0000
vn -0.4226 -0.9063 -0.0000
vn -0.5736 -0.8191 -0.0000
vn -0.5736 -0.8192 -0.0000
vn -0.7071 -0.7071 -0.0000
vn -0.8192 -0.5736 -0.0000
vn -0.9063 -0.4226 -0.0000
vn -0.9659 -0.2588 -0.0000
vn -0.9962 -0.0872 -0.0000
vn -0.9962 0.0872 -0.0000
vn -0.9659 0.2588 -0.0000
vn -0.9063 0.4226 -0.0000
vn -0.8192 0.5736 -0.0000
vn -0.7071 0.7071 -0.0000
vn -0.5736 0.8191 -0.0000
vn -0.5736 0.8192 -0.0000
vn -0.4226 0.9063 -0.0000
vn -0.2588 0.9659 -0.0000
vn -0.0872 0.9962 -0.0000
vn 0.0872 0.9962 -0.0000
vn 0.2588 0.9659 -0.0000
vn 0.4226 0.9063 -0.0000
vn 0.5736 0.8191 -0.0000
vn 0.5736 0.8192 -0.0000
vn 0.7071 0.7071 -0.0000
vn 0.8192 0.5736 -0.0000
vn 0.9063 0.4226 -0.0000
vn 0.9659 0.2588 -0.0000
vn 0.2675 -0.7336 -0.6247
vn 0.7313 -0.6820 -0.0000
vn -0.1207 -0.9927 -0.0000
vn 0.1207 0.9927 -0.0000
vn -0.7313 0.6820 -0.0000
vn -0.0000 -0.0006 1.0000
vn -0.0000 -1.0000 -0.0000
vn -0.0000 1.0000 -0.0000
vn -0.5000 -0.0000 -0.8660
vn -0.5738 -0.0000 -0.8190
vn -0.5738 -0.0000 0.8190
vn -0.5000 -0.0000 0.8660
vn -0.8756 -0.0000 0.4831
vn -0.8936 -0.0000 0.4488
vn -0.9104 -0.0000 0.4138
vn -0.9257 -0.0000 0.3782
vn -0.9397 -0.0000 0.3420
vn -0.9522 -0.0000 0.3053
vn -0.9634 -0.0000 0.2682
vn -0.9730 -0.0000 0.2306
vn -0.9813 -0.0000 0.1927
vn -0.9880 -0.0000 0.1545
vn -0.9932 -0.0000 0.1161
vn -0.9970 -0.0000 0.0775
vn -0.9992 -0.0000 0.0388
vn -0.9992 -0.0000 -0.0388
vn -0.9970 -0.0000 -0.0775
vn -0.9932 -0.0000 -0.1161
vn -0.9880 -0.0000 -0.1545
vn -0.9813 -0.0000 -0.1927
vn -0.9730 -0.0000 -0.2306
vn -0.9634 -0.0000 -0.2682
vn -0.9522 -0.0000 -0.3053
vn -0.9397 -0.0000 -0.3420
vn -0.9257 -0.0000 -0.3782
vn -0.9104 -0.0000 -0.4138
vn -0.8936 -0.0000 -0.4488
vn -0.8756 -0.0000 -0.4831
vn 0.9962 -0.0000 -0.0872
vn 0.9962 -0.0000 -0.0871
vn 0.9962 -0.0000 0.0872
vn 0.9659 -0.0000 0.2588
vn 0.9063 -0.0000 0.4226
vn 0.8191 -0.0000 0.5736
vn 0.7071 -0.0000 0.7071
vn 0.5736 -0.0000 0.8192
vn 0.4227 -0.0000 0.9063
vn 0.2587 -0.0000 0.9660
vn 0.0873 -0.0000 0.9962
vn -0.0873 -0.0000 0.9962
vn -0.2587 -0.0000 0.9660
vn -0.4227 -0.0000 0.9063
vn -0.5735 -0.0000 0.8192
vn -0.5736 -0.0000 0.8192
vn -0.7071 -0.0000 0.7071
vn -0.8191 -0.0000 0.5736
vn -0.9063 -0.0000 0.4226
vn -0.9659 -0.0000 0.2588
vn -0.9962 -0.0000 0.0872
vn -0.9962 -0.0000 -0.0871
vn -0.9962 -0.0000 -0.0872
vn -0.9659 -0.0000 -0.2588
vn -0.9063 -0.0000 -0.4227
vn -0.8191 -0.0000 -0.5736
vn -0.7071 -0.0000 -0.7071
vn -0.5737 -0.0000 -0.8191
vn -0.4225 -0.0000 -0.9063
vn -0.2589 -0.0000 -0.9659
vn -0.0871 -0.0000 -0.9962
vn 0.0871 -0.0000 -0.9962
vn 0.2589 -0.0000 -0.9659
vn 0.4225 -0.0000 -0.9063
vn 0.5737 -0.0000 -0.8191
vn 0.7071 -0.0000 -0.7071
vn 0.8191 -0.0000 -0.5736
vn 0.9063 -0.0000 -0.4227
vn 0.9659 -0.0000 -0.2588
vn -0.7072 -0.0000 -0.7070
vn -0.5736 -0.0000 -0.8192
vn -0.5735 -0.0000 -0.8192
vn 0.5736 -0.0000 -0.8192
vn 0.7072 -0.0000 -0.7070
vn -0.8098 -0.2953 -0.5069
vn -0.8121 -0.2935 -0.5044
vn -0.8109 -0.2957 -0.5050
vn -0.8120 -0.2935 -0.5045
vn -0.8119 -0.2907 -0.5064
vn -0.8108 -0.2931 -0.5067
vn -0.8093 -0.2898 -0.5109
vn -0.8084 -0.2922 -0.5110
vn -0.8081 -0.2893 -0.5131
vn -0.8072 -0.2918 -0.5131
vn -0.8068 -0.2889 -0.5154
vn -0.8060 -0.2914 -0.5152
vn -0.8043 -0.2880 -0.5198
vn -0.8036 -0.2905 -0.5194
vn -0.8018 -0.2871 -0.5242
vn -0.8007 -0.2919 -0.5231
vn -0.7992 -0.2862 -0.5286
vn -0.8064 -0.2940 -0.5131
vn -0.8088 -0.2923 -0.5103
vn -0.8088 -0.2924 -0.5103
vn -0.8030 -0.2928 -0.5191
vn -0.8055 -0.2911 -0.5162
vn -0.8054 -0.2912 -0.5162
vn -0.8021 -0.2899 -0.5220
vn -0.8013 -0.2723 -0.5328
vn -0.8034 -0.2792 -0.5260
vn -0.8037 -0.2775 -0.5264
vn -0.8058 -0.2820 -0.5207
vn -0.8067 -0.2785 -0.5212
vn -0.8087 -0.2830 -0.5157
vn -0.8097 -0.2796 -0.5159
vn -0.8101 -0.2835 -0.5132
vn -0.8113 -0.2801 -0.5132
vn -0.8115 -0.2840 -0.5107
vn -0.8128 -0.2806 -0.5106
vn -0.8143 -0.2850 -0.5056
vn -0.8158 -0.2816 -0.5052
vn -0.8157 -0.2855 -0.5031
vn -0.8183 -0.2800 -0.5020
vn -0.8179 -0.2810 -0.5020
vn -0.8145 -0.2883 -0.5035
vn -0.8110 -0.2956 -0.5048
vn -0.8026 -0.2622 -0.5357
vn -0.8052 -0.2698 -0.5281
vn -0.8054 -0.2688 -0.5283
vn -0.8078 -0.2745 -0.5217
vn -0.8089 -0.2699 -0.5223
vn -0.8110 -0.2756 -0.5161
vn -0.8124 -0.2711 -0.5163
vn -0.8126 -0.2762 -0.5133
vn -0.8141 -0.2717 -0.5133
vn -0.8142 -0.2767 -0.5104
vn -0.8158 -0.2722 -0.5102
vn -0.8174 -0.2778 -0.5046
vn -0.8193 -0.2734 -0.5040
vn -0.8190 -0.2783 -0.5017
vn -0.8182 -0.2802 -0.5020
vn -0.8183 -0.2799 -0.5021
vn -0.8077 -0.2567 -0.5309
vn -0.8044 -0.2483 -0.5397
vn -0.8109 -0.2374 -0.5348
vn -0.8110 -0.2374 -0.5348
vn -0.8121 -0.2299 -0.5363
vn -0.8177 -0.2314 -0.5271
vn -0.8204 -0.2179 -0.5286
vn -0.8267 -0.2196 -0.5181
vn -0.8309 -0.2022 -0.5183
vn -0.8345 -0.2030 -0.5122
vn -0.8404 -0.1798 -0.5113
vn -0.8446 -0.1806 -0.5040
vn -0.8529 -0.1478 -0.5007
vn -0.8629 -0.1495 -0.4828
vn -0.8770 -0.0953 -0.4710
vn -0.8835 -0.0960 -0.4584
vn -0.8835 -0.0960 -0.4585
vn -0.9109 -0.0000 -0.4126
vn -0.8980 -0.0976 -0.4291
vn -0.8980 -0.0975 -0.4291
vn -0.8954 -0.0973 -0.4344
vn -0.8824 -0.1529 -0.4450
vn -0.8812 -0.1527 -0.4475
vn -0.8727 -0.1769 -0.4551
vn -0.8779 -0.1642 -0.4498
vn -0.8822 -0.1558 -0.4444
vn -0.8855 -0.1525 -0.4389
vn -0.8833 -0.1505 -0.4440
vn -0.9063 -0.0985 -0.4111
vn -0.9337 -0.0000 -0.3580
vn -0.8066 -0.2283 -0.5452
vn -0.8156 -0.2063 -0.5406
vn -0.8142 -0.2162 -0.5388
vn -0.8238 -0.2004 -0.5303
vn -0.8362 -0.1789 -0.5184
vn -0.8479 -0.1469 -0.5094
vn -0.8643 -0.0939 -0.4941
vn -0.8662 -0.0941 -0.4908
vn -0.8947 -0.0000 -0.4467
vn -0.8093 -0.1969 -0.5534
vn -0.8186 -0.1822 -0.5448
vn -0.8108 -0.1734 -0.5590
vn -0.8220 -0.1476 -0.5501
vn -0.8121 -0.1408 -0.5663
vn -0.8252 -0.0938 -0.5570
vn -0.8122 -0.0882 -0.5766
vn -0.8251 -0.0000 -0.5650
vn -0.8304 -0.0902 -0.5499
vn -0.8429 -0.0000 -0.5381
vn -0.8484 -0.0922 -0.5213
vn -0.8515 -0.0925 -0.5162
vn -0.8428 -0.1460 -0.5180
vn -0.8692 -0.0000 -0.4944
vn -0.8579 -0.0932 -0.5052
vn -0.9507 -0.0000 -0.3103
vn -0.9183 -0.0807 -0.3876
vn -0.9119 -0.0991 -0.3983
vn -0.9113 -0.0990 -0.3996
vn -0.9001 -0.1221 -0.4181
vn -0.9625 -0.0000 -0.2714
vn -0.9486 -0.0293 -0.3150
vn -0.9330 -0.0775 -0.3514
vn -0.9207 -0.0972 -0.3780
vn -0.9117 -0.1032 -0.3977
vn -0.9022 -0.1288 -0.4116
vn -0.8948 -0.1342 -0.4258
vn -0.8891 -0.1486 -0.4330
vn -0.8684 -0.1766 -0.4633
vn -0.8686 -0.1849 -0.4597
vn -0.8670 -0.1832 -0.4634
vn -0.8640 -0.1877 -0.4672
vn -0.8598 -0.1971 -0.4710
vn -0.8643 -0.1848 -0.4677
vn -0.8551 -0.1998 -0.4784
vn -0.8521 -0.2073 -0.4805
vn -0.8487 -0.2065 -0.4870
vn -0.8421 -0.2237 -0.4908
vn -0.8390 -0.2229 -0.4963
vn -0.8341 -0.2361 -0.4985
vn -0.8287 -0.2346 -0.5082
vn -0.8252 -0.2452 -0.5089
vn -0.8227 -0.2445 -0.5132
vn -0.8201 -0.2532 -0.5132
vn -0.8178 -0.2525 -0.5171
vn -0.8139 -0.2659 -0.5166
vn -0.8102 -0.2646 -0.5230
vn -0.8555 -0.2074 -0.4745
vn -0.8543 -0.2063 -0.4771
vn -0.8522 -0.2089 -0.4798
vn -0.8493 -0.2146 -0.4824
vn -0.8456 -0.2232 -0.4849
vn -0.8452 -0.2243 -0.4851
vn -0.8441 -0.2246 -0.4870
vn -0.8395 -0.2303 -0.4922
vn -0.8381 -0.2412 -0.4894
vn -0.8378 -0.2388 -0.4910
vn -0.8366 -0.2398 -0.4925
vn -0.8320 -0.2485 -0.4960
vn -0.8330 -0.2461 -0.4956
vn -0.8330 -0.2464 -0.4954
vn -0.8289 -0.2559 -0.4974
vn -0.8267 -0.2552 -0.5014
vn -0.8214 -0.2683 -0.5033
vn -0.8177 -0.2671 -0.5100
vn -0.8290 -0.2560 -0.4973
vn -0.8241 -0.2670 -0.4996
vn -0.8232 -0.2689 -0.5000
vn -0.8241 -0.2669 -0.4996
vn -0.8211 -0.2738 -0.5008
vn -0.8030 -0.2811 -0.5256
vn -0.8050 -0.2852 -0.5202
vn -0.8077 -0.2861 -0.5155
vn -0.8090 -0.2866 -0.5132
vn -0.8104 -0.2871 -0.5108
vn -0.8130 -0.2880 -0.5060
vn -0.8144 -0.2885 -0.5036
vn -0.8045 -0.2734 -0.5273
vn -0.8077 -0.2745 -0.5217
vn -0.8098 -0.2796 -0.5159
vn -0.8173 -0.2822 -0.5024
vn -0.8023 -0.2842 -0.5248
vn -0.8119 -0.2907 -0.5063
vn -0.8131 -0.2911 -0.5041
vn -0.8158 -0.2665 -0.5133
vn -0.8210 -0.2740 -0.5009
vn -0.8089 -0.2497 -0.5323
vn -0.8064 -0.2634 -0.5294
vn -0.8134 -0.2511 -0.5248
vn -0.8203 -0.2437 -0.5174
vn -0.8259 -0.2338 -0.5130
vn -0.8287 -0.2345 -0.5082
vn -0.8329 -0.2212 -0.5073
vn -0.8390 -0.2228 -0.4964
vn -0.8451 -0.2056 -0.4934
vn -0.8486 -0.2065 -0.4870
vn -0.8570 -0.1833 -0.4816
vn -0.8611 -0.1842 -0.4740
vn -0.8727 -0.1512 -0.4642
vn -0.8776 -0.1520 -0.4547
vn -0.8104 -0.2408 -0.5341
vn -0.8153 -0.2423 -0.5258
vn -0.8200 -0.2532 -0.5132
vn -0.8223 -0.2539 -0.5093
vn -0.8301 -0.2467 -0.5001
vn -0.8325 -0.2474 -0.4957
vn -0.8177 -0.2315 -0.5271
vn -0.8232 -0.2330 -0.5178
vn -0.8298 -0.2204 -0.5127
vn -0.8381 -0.2039 -0.5060
vn -0.8529 -0.1824 -0.4892
vn -0.8678 -0.1504 -0.4736
vn -0.8894 -0.0966 -0.4469
vn -0.8301 -0.2466 -0.5001
vn -0.8368 -0.2369 -0.4936
vn -0.8166 -0.1987 -0.5420
vn -0.8278 -0.1771 -0.5324
vn -0.8832 -0.0960 -0.4590
vn -0.8193 -0.1752 -0.5459
vn -0.8278 -0.1770 -0.5324
vn -0.8326 -0.1443 -0.5347
vn -0.8651 -0.1850 -0.4662
vn -0.8224 -0.1425 -0.5508
vn -0.8385 -0.0911 -0.5373
vn -0.8254 -0.0897 -0.5574
vn -0.3454 0.9384 -0.0000
vn -0.3454 0.9385 -0.0000
vn -0.3456 0.9384 -0.0000
vn -0.3457 0.9384 -0.0000
vn -0.3416 0.9399 -0.0011
vn -0.3417 0.9398 0.0006
vn -0.3507 0.9365 -0.0002
vn -0.3438 0.9391 0.0004
vn -0.3455 0.9384 -0.0004
vn -0.3470 0.9378 0.0001
vn -0.3451 0.9386 0.0003
vn -0.3440 0.9390 -0.0004
vn -0.3468 0.9379 -0.0000
vn -0.3445 0.9388 0.0002
vn -0.3462 0.9382 -0.0001
vn -0.3458 0.9383 0.0001
vn -0.3447 0.9387 -0.0000
vn -0.3456 0.9384 -0.0001
vn -0.3452 0.9385 -0.0000
vn -0.8916 -0.2512 0.3768
vn -0.8886 -0.2448 0.3880
vn -0.8900 -0.2451 0.3845
vn -0.8889 -0.2505 0.3835
vn -0.8896 -0.2390 0.3892
vn -0.8935 -0.2260 0.3880
vn -0.8935 -0.2261 0.3879
vn -0.8923 -0.2330 0.3867
vn -0.8952 -0.2265 0.3839
vn -0.8938 -0.2334 0.3829
vn -0.8968 -0.2269 0.3799
vn -0.8954 -0.2339 0.3790
vn -0.8984 -0.2273 0.3758
vn -0.8969 -0.2343 0.3751
vn -0.9000 -0.2277 0.3717
vn -0.8984 -0.2346 0.3712
vn -0.9016 -0.2280 0.3676
vn -0.8999 -0.2350 0.3673
vn -0.9032 -0.2285 0.3634
vn -0.9014 -0.2354 0.3634
vn -0.9047 -0.2289 0.3593
vn -0.9029 -0.2358 0.3594
vn -0.9078 -0.2296 0.3509
vn -0.9058 -0.2366 0.3515
vn -0.9108 -0.2304 0.3425
vn -0.9098 -0.2339 0.3429
vn -0.9137 -0.2312 0.3342
vn -0.9149 -0.2276 0.3334
vn -0.9149 -0.2281 0.3332
vn -0.9166 -0.2235 0.3316
vn -0.9175 -0.2223 0.3297
vn -0.9007 -0.2538 0.3528
vn -0.8977 -0.2473 0.3647
vn -0.8977 -0.2473 0.3646
vn -0.8982 -0.2475 0.3632
vn -0.8998 -0.2417 0.3633
vn -0.8983 -0.2413 0.3671
vn -0.8999 -0.2350 0.3674
vn -0.9064 -0.2497 0.3406
vn -0.9067 -0.2493 0.3402
vn -0.9057 -0.2469 0.3447
vn -0.9092 -0.2437 0.3376
vn -0.9084 -0.2384 0.3436
vn -0.9116 -0.2378 0.3353
vn -0.9176 -0.2193 0.3315
vn -0.9191 -0.2189 0.3276
vn -0.9192 -0.2141 0.3304
vn -0.9208 -0.2151 0.3253
vn -0.9209 -0.2087 0.3292
vn -0.9237 -0.2057 0.3231
vn -0.9219 -0.2053 0.3285
vn -0.9270 -0.1947 0.3207
vn -0.9251 -0.1943 0.3262
vn -0.9306 -0.1822 0.3176
vn -0.9286 -0.1819 0.3234
vn -0.9345 -0.1678 0.3139
vn -0.9324 -0.1674 0.3203
vn -0.9388 -0.1511 0.3096
vn -0.9366 -0.1508 0.3164
vn -0.9434 -0.1313 0.3044
vn -0.9410 -0.1310 0.3119
vn -0.9484 -0.1078 0.2981
vn -0.9459 -0.1075 0.3062
vn -0.9537 -0.0793 0.2901
vn -0.9509 -0.0791 0.2992
vn -0.9590 -0.0442 0.2800
vn -0.9520 -0.0438 0.3028
vn -0.9520 -0.0439 0.3028
vn -0.9669 -0.0000 0.2551
vn -0.9681 -0.0446 0.2467
vn -0.9723 -0.0448 0.2295
vn -0.9688 -0.0661 0.2388
vn -0.9687 -0.0842 0.2335
vn -0.9670 -0.0792 0.2422
vn -0.9633 -0.0938 0.2514
vn -0.9656 -0.0803 0.2473
vn -0.9576 -0.0997 0.2705
vn -0.9614 -0.0800 0.2632
vn -0.9510 -0.1081 0.2898
vn -0.9564 -0.0795 0.2810
vn -0.9484 -0.1078 0.2980
vn -0.9243 -0.2041 0.3225
vn -0.9244 -0.2033 0.3228
vn -0.9271 -0.1962 0.3195
vn -0.9284 -0.1945 0.3167
vn -0.9281 -0.1909 0.3198
vn -0.9318 -0.1833 0.3132
vn -0.9329 -0.1827 0.3104
vn -0.9332 -0.1816 0.3099
vn -0.9337 -0.1783 0.3105
vn -0.9368 -0.1700 0.3058
vn -0.9383 -0.1686 0.3019
vn -0.9379 -0.1633 0.3062
vn -0.9425 -0.1533 0.2969
vn -0.9442 -0.1520 0.2922
vn -0.9421 -0.1469 0.3014
vn -0.9487 -0.1341 0.2862
vn -0.9507 -0.1324 0.2806
vn -0.9506 -0.1325 0.2807
vn -0.9505 -0.1310 0.2818
vn -0.9547 -0.1164 0.2738
vn -0.9574 -0.1098 0.2670
vn -0.9594 -0.1093 0.2599
vn -0.9740 -0.0488 0.2213
vn -0.9780 -0.0419 0.2045
vn -0.9733 -0.0225 0.2283
vn -0.9843 -0.0000 0.1764
vn -0.9463 -0.0000 0.3233
vn -0.9560 -0.0440 0.2902
vn -0.9179 -0.0000 0.3968
vn -0.9302 -0.0429 0.3644
vn -0.9302 -0.0428 0.3644
vn -0.9252 -0.0425 0.3771
vn -0.9230 -0.0768 0.3771
vn -0.9263 -0.0770 0.3688
vn -0.9234 -0.1050 0.3692
vn -0.9264 -0.1053 0.3616
vn -0.9231 -0.1285 0.3624
vn -0.9258 -0.1289 0.3553
vn -0.9225 -0.1485 0.3564
vn -0.9273 -0.1492 0.3433
vn -0.9238 -0.1659 0.3451
vn -0.9282 -0.1667 0.3327
vn -0.9246 -0.1811 0.3351
vn -0.9286 -0.1818 0.3235
vn -0.9058 -0.0418 0.4216
vn -0.9058 -0.0416 0.4216
vn -0.9176 -0.0422 0.3953
vn -0.9162 -0.0763 0.3935
vn -0.9196 -0.0766 0.3853
vn -0.9173 -0.1042 0.3843
vn -0.9204 -0.1046 0.3768
vn -0.9176 -0.1279 0.3763
vn -0.9204 -0.1283 0.3694
vn -0.9175 -0.1476 0.3693
vn -0.9200 -0.1481 0.3629
vn -0.9170 -0.1647 0.3632
vn -0.9193 -0.1651 0.3572
vn -0.9164 -0.1795 0.3578
vn -0.9206 -0.1803 0.3465
vn -0.9176 -0.1928 0.3477
vn -0.9214 -0.1936 0.3370
vn -0.9184 -0.2045 0.3387
vn -0.9047 -0.1029 0.4134
vn -0.9092 -0.0756 0.4095
vn -0.9137 -0.0421 0.4042
vn -0.9127 -0.0759 0.4015
vn -0.9004 -0.1617 0.4040
vn -0.9063 -0.1262 0.4033
vn -0.9046 -0.1456 0.4007
vn -0.9092 -0.1267 0.3967
vn -0.9072 -0.1460 0.3945
vn -0.9120 -0.1270 0.3899
vn -0.9098 -0.1464 0.3883
vn -0.9149 -0.1274 0.3831
vn -0.9124 -0.1468 0.3820
vn -0.9176 -0.1278 0.3763
vn -0.9150 -0.1472 0.3757
vn -0.8945 -0.2092 0.3952
vn -0.8994 -0.1890 0.3942
vn -0.8978 -0.1999 0.3924
vn -0.9015 -0.1894 0.3891
vn -0.8998 -0.2004 0.3877
vn -0.9036 -0.1899 0.3841
vn -0.9017 -0.2008 0.3829
vn -0.9056 -0.1903 0.3790
vn -0.9036 -0.2012 0.3781
vn -0.9077 -0.1907 0.3739
vn -0.9055 -0.2017 0.3733
vn -0.9097 -0.1911 0.3687
vn -0.9074 -0.2020 0.3684
vn -0.9117 -0.1915 0.3635
vn -0.9093 -0.2025 0.3636
vn -0.9137 -0.1919 0.3583
vn -0.9112 -0.2029 0.3586
vn -0.9176 -0.1927 0.3477
vn -0.9148 -0.2037 0.3487
vn -0.8935 -0.2260 0.3879
vn -0.8966 -0.2187 0.3851
vn -0.8983 -0.2191 0.3808
vn -0.9000 -0.2195 0.3765
vn -0.9017 -0.2199 0.3722
vn -0.9034 -0.2203 0.3679
vn -0.9016 -0.2281 0.3676
vn -0.9051 -0.2207 0.3635
vn -0.9032 -0.2285 0.3635
vn -0.9067 -0.2212 0.3591
vn -0.9100 -0.2220 0.3503
vn -0.9078 -0.2297 0.3509
vn -0.9132 -0.2227 0.3414
vn -0.9108 -0.2304 0.3424
vn -0.9163 -0.2235 0.3323
vn -0.8949 -0.2183 0.3893
vn -0.8973 -0.2145 0.3857
vn -0.8991 -0.2149 0.3813
vn -0.9009 -0.2153 0.3769
vn -0.9000 -0.2195 0.3766
vn -0.9026 -0.2157 0.3725
vn -0.9043 -0.2161 0.3680
vn -0.9034 -0.2204 0.3679
vn -0.9061 -0.2165 0.3636
vn -0.9050 -0.2208 0.3635
vn -0.9077 -0.2170 0.3591
vn -0.9067 -0.2211 0.3592
vn -0.9111 -0.2178 0.3500
vn -0.9100 -0.2219 0.3503
vn -0.9144 -0.2186 0.3408
vn -0.9033 -0.1769 0.3908
vn -0.9015 -0.1894 0.3892
vn -0.9056 -0.1774 0.3854
vn -0.9036 -0.1898 0.3841
vn -0.9078 -0.1778 0.3799
vn -0.9056 -0.1902 0.3790
vn -0.9099 -0.1783 0.3745
vn -0.9121 -0.1787 0.3690
vn -0.9143 -0.1791 0.3634
vn -0.8994 -0.1890 0.3941
vn -0.9011 -0.1764 0.3961
vn -0.9052 -0.1626 0.3926
vn -0.9076 -0.1631 0.3868
vn -0.9056 -0.1773 0.3854
vn -0.9100 -0.1634 0.3809
vn -0.9124 -0.1639 0.3751
vn -0.9100 -0.1782 0.3745
vn -0.9147 -0.1643 0.3692
vn -0.9121 -0.1786 0.3689
vn -0.9143 -0.1790 0.3634
vn -0.9063 -0.1263 0.4033
vn -0.9111 -0.1036 0.3990
vn -0.9092 -0.1266 0.3967
vn -0.9142 -0.1039 0.3917
vn -0.9173 -0.1043 0.3843
vn -0.9023 -0.2485 0.3524
vn -0.9067 -0.2436 0.3443
vn -0.9040 -0.2429 0.3520
vn -0.9087 -0.2373 0.3434
vn -0.8996 -0.2478 0.3596
vn -0.9012 -0.2421 0.3596
vn -0.8942 -0.2463 0.3739
vn -0.8955 -0.2406 0.3745
vn -0.8940 -0.2402 0.3782
vn -0.8969 -0.2471 0.3668
vn -0.8955 -0.2467 0.3704
vn -0.8969 -0.2409 0.3708
vn -0.8928 -0.2459 0.3775
vn -0.8914 -0.2456 0.3810
vn -0.8926 -0.2398 0.3819
vn -0.9012 -0.2421 0.3595
vn -0.9029 -0.2358 0.3595
vn -0.8969 -0.2410 0.3708
vn -0.8984 -0.2347 0.3713
vn -0.8969 -0.2342 0.3752
vn -0.8911 -0.2394 0.3856
vn -0.8925 -0.2398 0.3819
vn -0.8956 -0.2141 0.3900
vn -0.8981 -0.2100 0.3863
vn -0.8974 -0.2145 0.3857
vn -0.9000 -0.2105 0.3818
vn -0.9018 -0.2109 0.3773
vn -0.9009 -0.2154 0.3769
vn -0.9036 -0.2113 0.3727
vn -0.9053 -0.2117 0.3682
vn -0.9044 -0.2162 0.3680
vn -0.9071 -0.2121 0.3635
vn -0.9061 -0.2166 0.3635
vn -0.9089 -0.2126 0.3589
vn -0.9078 -0.2170 0.3590
vn -0.9123 -0.2133 0.3495
vn -0.9111 -0.2178 0.3499
vn -0.9157 -0.2141 0.3401
vn -0.9144 -0.2186 0.3407
vn -0.9190 -0.2149 0.3305
vn -0.9157 -0.2142 0.3401
vn -0.9123 -0.2134 0.3495
vn -0.9089 -0.2125 0.3589
vn -0.9071 -0.2121 0.3636
vn -0.9053 -0.2117 0.3681
vn -0.9093 -0.2024 0.3635
vn -0.9056 -0.2016 0.3733
vn -0.9017 -0.2007 0.3829
vn -0.8963 -0.2096 0.3908
vn -0.9324 -0.1675 0.3202
vn -0.9345 -0.1679 0.3139
vn -0.9365 -0.1682 0.3076
vn -0.9366 -0.1507 0.3165
vn -0.9320 -0.1500 0.3300
vn -0.9361 -0.1304 0.3266
vn -0.9405 -0.1069 0.3224
vn -0.9451 -0.0786 0.3171
vn -0.9225 -0.1484 0.3564
vn -0.9175 -0.1477 0.3693
vn -0.9124 -0.1469 0.3820
vn -0.9077 -0.1630 0.3868
vn -0.9028 -0.1621 0.3983
vn -0.9410 -0.1514 0.3027
vn -0.9310 -0.1297 0.3411
vn -0.9258 -0.1289 0.3554
vn -0.9293 -0.1056 0.3539
vn -0.9296 -0.0773 0.3604
vn -0.9289 -0.0428 0.3679
vn -0.9361 -0.1303 0.3266
vn -0.9458 -0.1317 0.2969
vn -0.9556 -0.1086 0.2738
vn -0.9310 -0.1296 0.3411
vn -0.9350 -0.1063 0.3383
vn -0.9391 -0.0781 0.3347
vn -0.9496 -0.0437 0.3102
vn -0.9234 -0.1050 0.3693
vn -0.9204 -0.1281 0.3694
vn -0.9293 -0.1057 0.3539
vn -0.9328 -0.0775 0.3519
vn -0.9325 -0.0429 0.3586
vn -0.9230 -0.0767 0.3771
vn -0.9204 -0.1047 0.3768
vn -0.9142 -0.1040 0.3916
vn -0.9162 -0.0761 0.3935
vn -0.9127 -0.0760 0.4015
vn -0.9079 -0.1033 0.4062
vn -0.9614 -0.0799 0.2631
vn -0.9673 -0.0446 0.2497
vn -0.9619 -0.0443 0.2698
vn -0.9328 -0.0776 0.3519
vn -0.9430 -0.0434 0.3299
vn -0.9214 -0.0425 0.3862
vn -0.9196 -0.0765 0.3853
vn -0.9302 -0.0428 0.3645
vn -0.9361 -0.0431 0.3491
s 0
f 1//1 2//1 3//1
f 3//1 2//1 4//1
f 3//1 4//1 5//1
f 5//1 4//1 6//1
f 5//1 6//1 7//1
f 8//2 9//2 10//2
f 10//2 9//2 11//2
f 10//2 11//2 12//2
f 13//2 14//2 9//2
f 9//2 14//2 15//2
f 9//2 15//2 11//2
f 16//2 17//2 13//2
f 13//2 17//2 18//2
f 13//2 18//2 19//2
f 17//2 20//2 18//2
f 18//2 20//2 21//2
f 21//2 20//2 22//2
f 19//2 14//2 13//2
f 23//2 24//2 12//2
f 12//3 24//3 25//3
f 12//4 25//4 26//4
f 27//2 28//2 23//2
f 23//5 28//5 29//5
f 23//6 29//6 30//6
f 31//2 32//2 27//2
f 27//4 32//4 33//4
f 27//7 33//7 34//7
f 35//2 36//2 31//2
f 31//2 36//2 12//2
f 31//2 12//2 37//2
f 37//8 12//8 38//8
f 38//2 12//2 39//2
f 39//2 12//2 40//2
f 40//9 12//9 41//9
f 41//2 12//2 42//2
f 42//2 12//2 43//2
f 43//7 12//7 44//7
f 44//2 12//2 26//2
f 36//2 35//2 45//2
f 45//2 35//2 3//2
f 45//2 3//2 46//2
f 46//2 3//2 5//2
f 45//2 46//2 47//2
f 47//2 46//2 48//2
f 47//2 48//2 49//2
f 49//2 48//2 50//2
f 50//2 48//2 51//2
f 50//2 51//2 52//2
f 52//2 53//2 50//2
f 49//2 54//2 47//2
f 45//2 55//2 36//2
f 36//2 10//2 12//2
f 56//2 57//2 31//2
f 31//2 57//2 58//2
f 31//2 58//2 59//2
f 59//2 60//2 31//2
f 31//2 60//2 32//2
f 34//4 61//4 27//4
f 27//3 61//3 62//3
f 27//10 62//10 63//10
f 63//11 64//11 27//11
f 27//10 64//10 65//10
f 27//10 65//10 66//10
f 66//12 28//12 27//12
f 30//2 67//2 23//2
f 23//2 67//2 68//2
f 23//13 68//13 69//13
f 69//2 70//2 23//2
f 23//3 70//3 71//3
f 23//2 71//2 72//2
f 72//2 73//2 23//2
f 23//2 73//2 74//2
f 23//2 74//2 75//2
f 75//2 76//2 23//2
f 23//10 76//10 24//10
f 37//2 77//2 31//2
f 31//4 77//4 78//4
f 31//10 78//10 79//10
f 79//2 80//2 31//2
f 31//2 80//2 81//2
f 31//2 81//2 82//2
f 82//2 83//2 31//2
f 31//2 83//2 56//2
f 47//14 54//14 84//14
f 84//14 54//14 85//14
f 45//15 47//15 86//15
f 86//15 47//15 84//15
f 55//16 45//16 87//16
f 87//16 45//16 86//16
f 88//14 89//14 90//14
f 90//14 89//14 91//14
f 92//2 93//2 94//2
f 94//2 93//2 95//2
f 94//2 95//2 96//2
f 96//2 95//2 97//2
f 97//2 95//2 98//2
f 98//2 95//2 90//2
f 98//2 90//2 99//2
f 99//2 90//2 91//2
f 99//2 91//2 100//2
f 93//2 92//2 101//2
f 101//2 92//2 102//2
f 101//2 102//2 103//2
f 101//2 103//2 100//2
f 100//2 103//2 104//2
f 100//2 104//2 105//2
f 105//2 99//2 100//2
f 100//3 106//3 101//3
f 93//7 107//7 95//7
f 108//16 109//16 107//16
f 107//16 109//16 95//16
f 109//17 88//17 95//17
f 95//17 88//17 90//17
f 89//15 110//15 91//15
f 91//15 110//15 100//15
f 110//16 111//16 100//16
f 100//16 111//16 106//16
f 111//15 112//15 106//15
f 106//15 112//15 101//15
f 112//16 113//16 101//16
f 101//16 113//16 93//16
f 113//17 108//17 93//17
f 93//17 108//17 107//17
f 16//14 13//14 114//14
f 114//14 13//14 115//14
f 13//17 9//17 115//17
f 115//17 9//17 116//17
f 9//16 8//16 116//16
f 116//16 8//16 117//16
f 114//2 115//2 117//2
f 117//2 115//2 116//2
f 84//2 85//2 86//2
f 86//2 85//2 87//2
f 118//16 119//16 120//16
f 120//16 119//16 27//16
f 120//16 27//16 23//16
f 120//16 23//16 121//16
f 121//16 23//16 122//16
f 121//16 122//16 123//16
f 119//18 118//18 124//18
f 124//18 118//18 125//18
f 27//15 119//15 31//15
f 31//15 119//15 124//15
f 23//17 12//17 122//17
f 122//17 12//17 126//17
f 56//19 127//19 57//19
f 57//19 127//19 128//19
f 57//20 128//20 58//20
f 58//20 128//20 129//20
f 58//21 129//21 59//21
f 59//21 129//21 130//21
f 59//22 130//22 60//22
f 60//22 130//22 131//22
f 60//23 131//23 32//23
f 32//24 131//24 132//24
f 32//25 132//25 33//25
f 33//25 132//25 133//25
f 33//26 133//26 34//26
f 34//26 133//26 134//26
f 34//27 134//27 61//27
f 61//27 134//27 135//27
f 61//28 135//28 62//28
f 62//28 135//28 136//28
f 62//29 136//29 63//29
f 63//29 136//29 137//29
f 63//30 137//30 64//30
f 64//30 137//30 138//30
f 64//31 138//31 65//31
f 65//31 138//31 139//31
f 65//32 139//32 66//32
f 66//32 139//32 140//32
f 66//33 140//33 28//33
f 28//33 140//33 141//33
f 28//34 141//34 29//34
f 29//34 141//34 142//34
f 29//35 142//35 30//35
f 30//35 142//35 143//35
f 30//36 143//36 67//36
f 67//36 143//36 144//36
f 67//37 144//37 68//37
f 68//37 144//37 145//37
f 68//38 145//38 69//38
f 69//39 145//39 146//39
f 69//40 146//40 70//40
f 70//40 146//40 147//40
f 70//41 147//41 71//41
f 71//41 147//41 148//41
f 71//42 148//42 72//42
f 72//42 148//42 149//42
f 72//43 149//43 73//43
f 73//43 149//43 150//43
f 73//44 150//44 74//44
f 74//44 150//44 151//44
f 74//45 151//45 75//45
f 75//45 151//45 152//45
f 75//46 152//46 76//46
f 76//46 152//46 153//46
f 76//47 153//47 24//47
f 24//47 153//47 154//47
f 24//48 154//48 25//48
f 25//48 154//48 155//48
f 25//49 155//49 26//49
f 26//50 155//50 156//50
f 26//51 156//51 44//51
f 44//51 156//51 157//51
f 44//52 157//52 43//52
f 43//52 157//52 158//52
f 43//53 158//53 42//53
f 42//53 158//53 159//53
f 42//54 159//54 41//54
f 41//54 159//54 160//54
f 41//55 160//55 40//55
f 40//55 160//55 161//55
f 40//56 161//56 39//56
f 39//56 161//56 162//56
f 39//57 162//57 38//57
f 38//57 162//57 163//57
f 38//58 163//58 37//58
f 37//58 163//58 164//58
f 37//59 164//59 77//59
f 77//59 164//59 165//59
f 77//60 165//60 78//60
f 78//60 165//60 166//60
f 78//61 166//61 79//61
f 79//61 166//61 167//61
f 79//62 167//62 80//62
f 80//62 167//62 168//62
f 80//63 168//63 81//63
f 81//63 168//63 169//63
f 81//64 169//64 82//64
f 82//65 169//65 170//65
f 82//66 170//66 83//66
f 83//66 170//66 171//66
f 83//67 171//67 56//67
f 56//67 171//67 127//67
f 120//17 172//17 118//17
f 118//17 172//17 125//17
f 121//68 142//68 120//68
f 120//69 142//69 141//69
f 120//69 141//69 140//69
f 173//68 153//68 121//68
f 121//70 153//70 152//70
f 121//70 152//70 151//70
f 172//68 164//68 173//68
f 173//68 164//68 163//68
f 173//71 163//71 162//71
f 120//68 131//68 172//68
f 172//69 131//69 130//69
f 172//71 130//71 129//71
f 129//72 128//72 172//72
f 172//73 128//73 127//73
f 172//69 127//69 171//69
f 171//68 170//68 172//68
f 172//74 170//74 169//74
f 172//73 169//73 168//73
f 168//68 167//68 172//68
f 172//74 167//74 166//74
f 172//68 166//68 165//68
f 165//75 164//75 172//75
f 162//68 161//68 173//68
f 173//68 161//68 160//68
f 173//68 160//68 159//68
f 159//68 158//68 173//68
f 173//68 158//68 157//68
f 173//68 157//68 156//68
f 156//68 155//68 173//68
f 173//68 155//68 154//68
f 173//74 154//74 153//74
f 151//68 150//68 121//68
f 121//74 150//74 149//74
f 121//74 149//74 148//74
f 148//68 147//68 121//68
f 121//74 147//74 146//74
f 121//68 146//68 145//68
f 145//68 144//68 121//68
f 121//76 144//76 143//76
f 121//72 143//72 142//72
f 140//73 139//73 120//73
f 120//68 139//68 138//68
f 120//68 138//68 137//68
f 137//68 136//68 120//68
f 120//68 136//68 135//68
f 120//74 135//74 134//74
f 134//68 133//68 120//68
f 120//68 133//68 132//68
f 120//70 132//70 131//70
f 123//18 122//18 174//18
f 174//18 122//18 126//18
f 121//15 123//15 173//15
f 173//15 123//15 174//15
f 175//77 46//77 176//77
f 176//77 46//77 7//77
f 7//77 46//77 5//77
f 177//78 48//78 178//78
f 178//78 48//78 179//78
f 179//78 48//78 180//78
f 180//78 48//78 46//78
f 180//78 46//78 175//78
f 51//14 48//14 181//14
f 181//14 48//14 177//14
f 52//79 51//79 92//79
f 92//79 51//79 181//79
f 92//79 181//79 182//79
f 53//17 52//17 94//17
f 94//17 52//17 92//17
f 50//16 53//16 96//16
f 96//16 53//16 94//16
f 49//80 50//80 97//80
f 97//80 50//80 96//80
f 49//17 97//17 54//17
f 54//17 97//17 98//17
f 54//17 98//17 55//17
f 55//17 98//17 36//17
f 87//17 85//17 55//17
f 55//17 85//17 54//17
f 10//14 36//14 99//14
f 99//14 36//14 98//14
f 10//15 99//15 8//15
f 8//15 99//15 105//15
f 8//15 105//15 16//15
f 16//15 105//15 17//15
f 114//15 117//15 16//15
f 16//15 117//15 8//15
f 176//81 7//81 183//81
f 183//82 7//82 6//82
f 183//83 6//83 184//83
f 184//83 6//83 185//83
f 184//83 185//83 186//83
f 186//84 185//84 187//84
f 186//85 187//85 188//85
f 188//86 187//86 189//86
f 188//87 189//87 190//87
f 190//88 189//88 191//88
f 190//89 191//89 192//89
f 192//90 191//90 193//90
f 192//91 193//91 194//91
f 194//92 193//92 195//92
f 194//93 195//93 196//93
f 196//94 195//94 197//94
f 196//95 197//95 198//95
f 198//96 197//96 199//96
f 198//97 199//97 200//97
f 200//98 199//98 201//98
f 200//99 201//99 202//99
f 202//100 201//100 203//100
f 202//101 203//101 204//101
f 204//102 203//102 205//102
f 204//103 205//103 206//103
f 206//104 205//104 207//104
f 206//105 207//105 208//105
f 208//106 207//106 209//106
f 208//107 209//107 210//107
f 210//108 209//108 211//108
f 210//109 211//109 212//109
f 212//110 211//110 213//110
f 212//111 213//111 214//111
f 214//112 213//112 215//112
f 215//113 213//113 216//113
f 215//113 216//113 217//113
f 217//114 216//114 218//114
f 217//115 218//115 219//115
f 219//116 218//116 220//116
f 219//117 220//117 221//117
f 221//118 220//118 222//118
f 221//119 222//119 223//119
f 223//120 222//120 224//120
f 223//121 224//121 225//121
f 225//122 224//122 226//122
f 225//123 226//123 227//123
f 227//124 226//124 228//124
f 227//125 228//125 229//125
f 229//126 228//126 230//126
f 229//127 230//127 231//127
f 231//128 230//128 232//128
f 231//129 232//129 233//129
f 233//130 232//130 234//130
f 233//131 234//131 235//131
f 235//132 234//132 236//132
f 235//133 236//133 237//133
f 237//134 236//134 238//134
f 237//135 238//135 239//135
f 239//136 238//136 240//136
f 239//137 240//137 241//137
f 241//138 240//138 242//138
f 241//139 242//139 243//139
f 243//139 242//139 244//139
f 243//140 244//140 1//140
f 1//141 244//141 245//141
f 1//140 245//140 246//140
f 246//142 245//142 247//142
f 246//143 247//143 248//143
f 248//144 247//144 249//144
f 248//145 249//145 250//145
f 250//146 249//146 251//146
f 250//147 251//147 252//147
f 252//148 251//148 253//148
f 252//149 253//149 254//149
f 254//150 253//150 255//150
f 254//151 255//151 256//151
f 256//152 255//152 257//152
f 256//153 257//153 258//153
f 258//154 257//154 259//154
f 258//155 259//155 260//155
f 260//156 259//156 261//156
f 260//157 261//157 262//157
f 262//158 261//158 263//158
f 262//159 263//159 264//159
f 264//160 263//160 265//160
f 264//161 265//161 266//161
f 266//162 265//162 267//162
f 266//163 267//163 268//163
f 268//164 267//164 269//164
f 268//165 269//165 209//165
f 209//106 269//106 211//106
f 6//166 4//166 185//166
f 185//167 4//167 270//167
f 185//168 270//168 187//168
f 187//169 270//169 271//169
f 187//84 271//84 189//84
f 189//170 271//170 272//170
f 189//86 272//86 191//86
f 191//171 272//171 273//171
f 191//88 273//88 193//88
f 193//172 273//172 274//172
f 193//173 274//173 195//173
f 195//174 274//174 275//174
f 195//92 275//92 197//92
f 197//175 275//175 276//175
f 197//94 276//94 199//94
f 199//176 276//176 277//176
f 199//96 277//96 201//96
f 201//177 277//177 278//177
f 201//98 278//98 203//98
f 203//178 278//178 279//178
f 203//179 279//179 205//179
f 205//180 279//180 280//180
f 205//102 280//102 207//102
f 207//164 280//164 268//164
f 207//104 268//104 209//104
f 2//181 281//181 4//181
f 4//167 281//167 282//167
f 4//167 282//167 283//167
f 283//167 282//167 284//167
f 283//182 284//182 271//182
f 271//169 284//169 272//169
f 1//183 285//183 2//183
f 2//184 285//184 286//184
f 2//184 286//184 287//184
f 287//185 286//185 288//185
f 287//186 288//186 289//186
f 289//187 288//187 290//187
f 289//188 290//188 291//188
f 291//189 290//189 292//189
f 291//190 292//190 293//190
f 293//191 292//191 294//191
f 293//192 294//192 295//192
f 295//193 294//193 296//193
f 295//194 296//194 297//194
f 297//195 296//195 298//195
f 297//196 298//196 299//196
f 299//197 298//197 300//197
f 299//198 300//198 301//198
f 301//199 300//199 302//199
f 301//200 302//200 278//200
f 278//201 302//201 279//201
f 243//202 303//202 241//202
f 241//203 303//203 304//203
f 241//203 304//203 239//203
f 239//204 304//204 305//204
f 239//205 305//205 237//205
f 237//134 305//134 306//134
f 237//206 306//206 235//206
f 235//207 306//207 307//207
f 235//208 307//208 233//208
f 233//209 307//209 308//209
f 233//210 308//210 231//210
f 231//128 308//128 309//128
f 231//211 309//211 229//211
f 229//212 309//212 310//212
f 229//213 310//213 227//213
f 227//124 310//124 311//124
f 227//214 311//214 225//214
f 225//215 311//215 312//215
f 225//216 312//216 223//216
f 223//120 312//120 313//120
f 223//217 313//217 221//217
f 221//118 313//118 314//118
f 221//218 314//218 219//218
f 219//116 314//116 315//116
f 219//219 315//219 217//219
f 217//113 315//113 215//113
f 304//203 303//203 316//203
f 316//220 303//220 317//220
f 316//221 317//221 318//221
f 318//221 317//221 319//221
f 318//222 319//222 320//222
f 320//223 319//223 321//223
f 320//224 321//224 322//224
f 322//225 321//225 323//225
f 322//226 323//226 324//226
f 324//227 323//227 325//227
f 324//228 325//228 326//228
f 326//229 325//229 327//229
f 326//230 327//230 328//230
f 328//231 327//231 329//231
f 328//232 329//232 330//232
f 330//233 329//233 331//233
f 330//234 331//234 332//234
f 332//235 331//235 333//235
f 332//236 333//236 334//236
f 334//237 333//237 335//237
f 334//238 335//238 336//238
f 336//239 335//239 337//239
f 336//240 337//240 338//240
f 338//241 337//241 215//241
f 338//113 215//113 315//113
f 317//242 339//242 319//242
f 319//243 339//243 340//243
f 319//244 340//244 321//244
f 321//224 340//224 341//224
f 321//245 341//245 323//245
f 323//226 341//226 342//226
f 323//246 342//246 325//246
f 325//228 342//228 343//228
f 325//247 343//247 327//247
f 327//248 343//248 344//248
f 327//249 344//249 329//249
f 329//232 344//232 345//232
f 329//250 345//250 331//250
f 331//251 345//251 346//251
f 331//252 346//252 333//252
f 333//236 346//236 347//236
f 333//253 347//253 335//253
f 335//240 347//240 337//240
f 348//254 349//254 339//254
f 339//243 349//243 350//243
f 339//244 350//244 340//244
f 340//255 350//255 341//255
f 351//256 352//256 348//256
f 348//257 352//257 353//257
f 348//257 353//257 354//257
f 354//258 353//258 355//258
f 354//259 355//259 356//259
f 356//260 355//260 357//260
f 356//261 357//261 358//261
f 358//262 357//262 359//262
f 358//263 359//263 360//263
f 360//264 359//264 361//264
f 360//265 361//265 344//265
f 344//266 361//266 345//266
f 337//267 362//267 351//267
f 351//268 362//268 363//268
f 351//269 363//269 364//269
f 364//270 363//270 365//270
f 364//271 365//271 352//271
f 352//272 365//272 353//272
f 212//111 214//111 366//111
f 366//273 214//273 177//273
f 366//273 177//273 367//273
f 367//274 177//274 178//274
f 367//275 178//275 368//275
f 368//275 178//275 369//275
f 368//276 369//276 206//276
f 206//105 369//105 204//105
f 179//277 370//277 178//277
f 178//275 370//275 371//275
f 178//275 371//275 369//275
f 369//278 371//278 204//278
f 180//279 372//279 179//279
f 179//280 372//280 373//280
f 179//280 373//280 374//280
f 374//281 373//281 198//281
f 374//99 198//99 200//99
f 175//282 375//282 180//282
f 180//283 375//283 376//283
f 180//283 376//283 377//283
f 377//284 376//284 190//284
f 377//91 190//91 192//91
f 176//285 183//285 175//285
f 175//286 183//286 378//286
f 175//286 378//286 375//286
f 375//287 378//287 186//287
f 375//288 186//288 188//288
f 352//289 351//289 379//289
f 379//268 351//268 364//268
f 379//290 364//290 352//290
f 348//257 354//257 380//257
f 380//257 354//257 356//257
f 380//291 356//291 381//291
f 381//259 356//259 358//259
f 381//292 358//292 382//292
f 382//261 358//261 360//261
f 382//247 360//247 343//247
f 343//263 360//263 344//263
f 348//257 380//257 349//257
f 349//293 380//293 381//293
f 349//294 381//294 383//294
f 383//291 381//291 382//291
f 383//246 382//246 342//246
f 342//295 382//295 343//295
f 179//280 374//280 370//280
f 370//296 374//296 200//296
f 370//297 200//297 202//297
f 180//283 377//283 384//283
f 384//298 377//298 192//298
f 384//93 192//93 194//93
f 285//141 1//141 246//141
f 245//299 244//299 385//299
f 385//300 244//300 242//300
f 385//301 242//301 240//301
f 246//302 248//302 285//302
f 285//303 248//303 386//303
f 285//304 386//304 286//304
f 286//305 386//305 288//305
f 287//184 387//184 2//184
f 2//306 387//306 388//306
f 2//184 388//184 389//184
f 389//307 388//307 390//307
f 389//308 390//308 391//308
f 391//309 390//309 392//309
f 391//310 392//310 393//310
f 393//311 392//311 394//311
f 393//312 394//312 395//312
f 395//313 394//313 396//313
f 395//314 396//314 397//314
f 397//315 396//315 398//315
f 397//316 398//316 275//316
f 275//317 398//317 276//317
f 287//318 289//318 387//318
f 387//187 289//187 399//187
f 387//319 399//319 388//319
f 388//320 399//320 390//320
f 281//184 2//184 400//184
f 400//184 2//184 389//184
f 400//321 389//321 391//321
f 281//322 400//322 401//322
f 401//309 400//309 391//309
f 401//323 391//323 393//323
f 270//167 4//167 283//167
f 282//324 281//324 402//324
f 402//323 281//323 401//323
f 402//325 401//325 403//325
f 403//311 401//311 393//311
f 403//326 393//326 395//326
f 271//327 270//327 283//327
f 378//328 183//328 184//328
f 378//329 184//329 186//329
f 240//137 404//137 385//137
f 385//143 404//143 247//143
f 385//330 247//330 245//330
f 247//331 404//331 249//331
f 249//332 404//332 405//332
f 249//333 405//333 251//333
f 251//334 405//334 406//334
f 251//335 406//335 253//335
f 253//336 406//336 407//336
f 253//337 407//337 255//337
f 255//151 407//151 408//151
f 255//338 408//338 257//338
f 257//153 408//153 409//153
f 257//339 409//339 259//339
f 259//340 409//340 410//340
f 259//341 410//341 261//341
f 261//157 410//157 411//157
f 261//342 411//342 263//342
f 263//159 411//159 412//159
f 263//343 412//343 265//343
f 265//344 412//344 413//344
f 265//345 413//345 267//345
f 267//163 413//163 414//163
f 267//346 414//346 269//346
f 269//165 414//165 415//165
f 269//347 415//347 211//347
f 211//348 415//348 213//348
f 405//349 404//349 238//349
f 238//350 404//350 240//350
f 386//351 248//351 250//351
f 288//186 386//186 416//186
f 416//146 386//146 250//146
f 416//352 250//352 252//352
f 288//352 416//352 290//352
f 290//188 416//188 417//188
f 290//353 417//353 292//353
f 292//190 417//190 418//190
f 292//354 418//354 294//354
f 294//192 418//192 419//192
f 294//355 419//355 296//355
f 296//194 419//194 420//194
f 296//356 420//356 298//356
f 298//196 420//196 421//196
f 298//357 421//357 300//357
f 300//198 421//198 422//198
f 300//358 422//358 302//358
f 302//200 422//200 423//200
f 302//359 423//359 279//359
f 279//360 423//360 280//360
f 417//361 416//361 252//361
f 399//362 289//362 291//362
f 390//308 399//308 424//308
f 424//363 399//363 291//363
f 424//364 291//364 293//364
f 390//364 424//364 392//364
f 392//310 424//310 425//310
f 392//365 425//365 394//365
f 394//312 425//312 426//312
f 394//366 426//366 396//366
f 396//314 426//314 427//314
f 396//367 427//367 398//367
f 398//316 427//316 428//316
f 398//368 428//368 276//368
f 276//175 428//175 277//175
f 425//191 424//191 293//191
f 403//326 429//326 402//326
f 402//369 429//369 284//369
f 402//370 284//370 282//370
f 273//170 272//170 429//170
f 429//371 272//371 284//371
f 429//371 403//371 430//371
f 430//372 403//372 395//372
f 430//373 395//373 397//373
f 376//374 375//374 188//374
f 376//89 188//89 190//89
f 304//375 316//375 305//375
f 305//376 316//376 431//376
f 305//377 431//377 306//377
f 306//378 431//378 432//378
f 306//379 432//379 307//379
f 307//208 432//208 433//208
f 307//380 433//380 308//380
f 308//210 433//210 434//210
f 308//381 434//381 309//381
f 309//211 434//211 435//211
f 309//382 435//382 310//382
f 310//383 435//383 436//383
f 310//384 436//384 311//384
f 311//385 436//385 437//385
f 311//386 437//386 312//386
f 312//387 437//387 438//387
f 312//388 438//388 313//388
f 313//389 438//389 439//389
f 313//390 439//390 314//390
f 314//391 439//391 338//391
f 314//392 338//392 315//392
f 405//333 238//333 236//333
f 405//133 236//133 406//133
f 406//335 236//335 234//335
f 406//131 234//131 407//131
f 407//393 234//393 232//393
f 407//129 232//129 408//129
f 408//394 232//394 230//394
f 408//127 230//127 409//127
f 409//339 230//339 228//339
f 409//395 228//395 410//395
f 410//396 228//396 226//396
f 410//123 226//123 411//123
f 411//342 226//342 224//342
f 411//121 224//121 412//121
f 412//343 224//343 222//343
f 412//119 222//119 413//119
f 413//345 222//345 220//345
f 413//117 220//117 414//117
f 414//346 220//346 218//346
f 414//115 218//115 415//115
f 415//397 218//397 216//397
f 415//398 216//398 213//398
f 417//399 252//399 254//399
f 417//150 254//150 418//150
f 418//400 254//400 256//400
f 418//152 256//152 419//152
f 419//401 256//401 258//401
f 419//402 258//402 420//402
f 420//356 258//356 260//356
f 420//156 260//156 421//156
f 421//357 260//357 262//357
f 421//158 262//158 422//158
f 422//358 262//358 264//358
f 422//160 264//160 423//160
f 423//359 264//359 266//359
f 423//162 266//162 280//162
f 280//403 266//403 268//403
f 425//365 293//365 295//365
f 425//404 295//404 426//404
f 426//366 295//366 297//366
f 426//195 297//195 427//195
f 427//367 297//367 299//367
f 427//197 299//197 428//197
f 428//368 299//368 301//368
f 428//199 301//199 277//199
f 277//176 301//176 278//176
f 397//315 274//315 430//315
f 430//405 274//405 273//405
f 430//373 273//373 429//373
f 274//406 397//406 275//406
f 180//407 384//407 372//407
f 372//408 384//408 194//408
f 372//95 194//95 196//95
f 318//409 320//409 431//409
f 431//223 320//223 432//223
f 433//410 432//410 322//410
f 322//411 432//411 320//411
f 373//412 372//412 196//412
f 373//97 196//97 198//97
f 316//221 318//221 431//221
f 349//413 383//413 350//413
f 350//414 383//414 341//414
f 433//380 322//380 324//380
f 383//294 342//294 341//294
f 433//415 324//415 434//415
f 434//381 324//381 326//381
f 434//229 326//229 435//229
f 435//382 326//382 328//382
f 435//416 328//416 436//416
f 436//384 328//384 330//384
f 436//233 330//233 437//233
f 437//386 330//386 332//386
f 437//235 332//235 438//235
f 438//417 332//417 334//417
f 438//418 334//418 439//418
f 439//390 334//390 336//390
f 439//419 336//419 338//419
f 353//260 365//260 355//260
f 355//271 365//271 440//271
f 355//262 440//262 357//262
f 357//420 440//420 441//420
f 357//264 441//264 359//264
f 359//421 441//421 442//421
f 359//266 442//266 361//266
f 361//422 442//422 443//422
f 361//250 443//250 345//250
f 345//423 443//423 346//423
f 367//424 368//424 208//424
f 208//107 368//107 206//107
f 367//109 208//109 210//109
f 210//425 212//425 366//425
f 367//426 210//426 366//426
f 347//239 444//239 337//239
f 337//239 444//239 445//239
f 337//239 445//239 446//239
f 446//427 445//427 442//427
f 446//422 442//422 441//422
f 347//428 346//428 444//428
f 444//252 346//252 443//252
f 444//429 443//429 445//429
f 445//423 443//423 442//423
f 362//430 337//430 446//430
f 446//431 441//431 362//431
f 362//432 441//432 440//432
f 362//433 440//433 363//433
f 363//420 440//420 365//420
f 371//434 370//434 202//434
f 371//103 202//103 204//103
f 351//435 348//435 35//435
f 35//435 348//435 339//435
f 35//435 339//435 317//435
f 317//435 303//435 35//435
f 35//435 303//435 243//435
f 35//435 243//435 3//435
f 3//436 243//436 1//436
f 15//17 14//17 447//17
f 447//17 14//17 448//17
f 11//437 15//437 449//437
f 449//437 15//437 447//437
f 14//438 19//438 448//438
f 448//438 19//438 450//438
f 102//14 92//14 451//14
f 451//14 92//14 182//14
f 89//68 447//68 110//68
f 110//68 447//68 448//68
f 110//68 448//68 452//68
f 452//68 448//68 450//68
f 447//68 89//68 449//68
f 449//68 89//68 88//68
f 449//68 88//68 351//68
f 351//68 88//68 337//68
f 337//68 88//68 215//68
f 215//68 88//68 109//68
f 215//68 109//68 214//68
f 214//68 109//68 181//68
f 214//68 181//68 177//68
f 108//68 113//68 109//68
f 109//68 113//68 182//68
f 109//68 182//68 181//68
f 113//68 112//68 182//68
f 182//68 112//68 451//68
f 451//68 112//68 110//68
f 451//68 110//68 452//68
f 112//68 111//68 110//68
f 31//16 124//16 35//16
f 35//16 124//16 351//16
f 351//16 124//16 125//16
f 351//16 125//16 174//16
f 174//16 125//16 173//16
f 173//16 125//16 172//16
f 351//16 174//16 449//16
f 449//16 174//16 126//16
f 449//16 126//16 11//16
f 11//16 126//16 12//16
f 21//15 22//15 102//15
f 102//15 22//15 103//15
f 451//439 452//439 102//439
f 102//439 452//439 18//439
f 102//439 18//439 21//439
f 20//440 17//440 104//440
f 104//440 17//440 105//440
f 22//16 20//16 103//16
f 103//16 20//16 104//16
f 19//14 18//14 450//14
f 450//14 18//14 452//14
f 453//16 454//16 455//16
f 455//16 454//16 456//16
f 456//16 454//16 457//16
f 456//16 457//16 458//16
f 458//16 457//16 459//16
f 458//16 459//16 460//16
f 460//16 459//16 461//16
f 454//16 462//16 457//16
f 457//16 462//16 459//16
f 454//17 453//17 463//17
f 463//17 453//17 464//17
f 462//2 465//2 459//2
f 459//2 465//2 466//2
f 466//2 465//2 467//2
f 466//2 467//2 468//2
f 462//2 454//2 469//2
f 469//2 454//2 470//2
f 470//2 454//2 463//2
f 470//2 463//2 468//2
f 459//15 466//15 461//15
f 461//15 466//15 471//15
f 472//441 473//441 474//441
f 474//441 473//441 475//441
f 474//442 475//442 476//442
f 476//442 475//442 477//442
f 476//443 477//443 478//443
f 478//443 477//443 479//443
f 478//444 479//444 480//444
f 480//444 479//444 481//444
f 480//445 481//445 482//445
f 482//445 481//445 483//445
f 482//446 483//446 484//446
f 484//446 483//446 485//446
f 484//447 485//447 486//447
f 486//448 485//448 487//448
f 486//449 487//449 488//449
f 488//449 487//449 489//449
f 488//450 489//450 490//450
f 490//450 489//450 491//450
f 490//451 491//451 492//451
f 492//451 491//451 493//451
f 492//452 493//452 494//452
f 494//452 493//452 495//452
f 494//453 495//453 496//453
f 496//453 495//453 497//453
f 496//454 497//454 498//454
f 498//454 497//454 499//454
f 498//455 499//455 500//455
f 500//456 499//456 501//456
f 500//457 501//457 502//457
f 502//457 501//457 503//457
f 502//458 503//458 504//458
f 504//458 503//458 505//458
f 504//459 505//459 506//459
f 506//459 505//459 507//459
f 506//460 507//460 508//460
f 508//460 507//460 509//460
f 508//461 509//461 510//461
f 510//461 509//461 511//461
f 510//462 511//462 512//462
f 512//462 511//462 513//462
f 512//463 513//463 514//463
f 514//463 513//463 515//463
f 514//464 515//464 516//464
f 516//464 515//464 517//464
f 516//465 517//465 518//465
f 518//465 517//465 519//465
f 518//466 519//466 520//466
f 520//466 519//466 521//466
f 520//467 521//467 522//467
f 522//468 521//468 523//468
f 522//469 523//469 524//469
f 524//469 523//469 525//469
f 524//470 525//470 526//470
f 526//470 525//470 527//470
f 526//471 527//471 528//471
f 528//471 527//471 529//471
f 528//472 529//472 530//472
f 530//472 529//472 531//472
f 530//473 531//473 532//473
f 532//473 531//473 533//473
f 532//474 533//474 534//474
f 534//474 533//474 535//474
f 534//475 535//475 536//475
f 536//476 535//476 537//476
f 536//477 537//477 538//477
f 538//477 537//477 539//477
f 538//478 539//478 540//478
f 540//478 539//478 541//478
f 540//479 541//479 542//479
f 542//479 541//479 543//479
f 542//480 543//480 472//480
f 472//480 543//480 473//480
f 455//481 544//481 453//481
f 453//481 544//481 464//481
f 461//481 471//481 460//481
f 460//481 471//481 545//481
f 463//16 464//16 468//16
f 468//16 464//16 471//16
f 468//16 471//16 466//16
f 544//16 546//16 464//16
f 464//16 546//16 547//16
f 464//16 547//16 471//16
f 471//16 547//16 545//16
f 545//16 547//16 548//16
f 545//16 548//16 549//16
f 550//16 551//16 544//16
f 544//16 551//16 546//16
f 552//482 553//482 468//482
f 468//482 553//482 470//482
f 554//483 552//483 467//483
f 467//483 552//483 468//483
f 467//15 465//15 554//15
f 554//15 465//15 555//15
f 477//2 475//2 553//2
f 553//10 475//10 473//10
f 553//2 473//2 543//2
f 553//2 543//2 556//2
f 556//3 543//3 541//3
f 556//2 541//2 539//2
f 539//2 537//2 556//2
f 556//2 537//2 535//2
f 556//3 535//3 533//3
f 533//9 531//9 556//9
f 556//2 531//2 457//2
f 457//2 531//2 529//2
f 457//2 529//2 527//2
f 527//10 525//10 457//10
f 457//2 525//2 523//2
f 457//2 523//2 521//2
f 521//2 519//2 457//2
f 457//2 519//2 555//2
f 555//2 519//2 517//2
f 555//7 517//7 515//7
f 515//2 513//2 555//2
f 555//10 513//10 511//10
f 555//3 511//3 509//3
f 509//2 507//2 555//2
f 555//2 507//2 554//2
f 554//2 507//2 505//2
f 554//2 505//2 503//2
f 503//2 501//2 554//2
f 554//2 501//2 499//2
f 554//10 499//10 497//10
f 497//11 495//11 554//11
f 554//2 495//2 552//2
f 552//2 495//2 493//2
f 552//2 493//2 491//2
f 491//3 489//3 552//3
f 552//2 489//2 487//2
f 552//2 487//2 485//2
f 485//2 483//2 552//2
f 552//2 483//2 553//2
f 553//2 483//2 481//2
f 553//3 481//3 479//3
f 479//2 477//2 553//2
f 553//17 556//17 470//17
f 470//17 556//17 469//17
f 556//484 457//484 469//484
f 469//484 457//484 462//484
f 457//485 555//485 462//485
f 462//485 555//485 465//485
f 458//17 460//17 549//17
f 549//17 460//17 545//17
f 456//15 550//15 455//15
f 455//15 550//15 544//15
f 557//17 558//17 559//17
f 559//17 558//17 560//17
f 561//16 557//16 562//16
f 562//16 557//16 559//16
f 563//68 562//68 560//68
f 560//68 562//68 559//68
f 564//16 565//16 566//16
f 566//16 565//16 567//16
f 568//15 564//15 569//15
f 569//15 564//15 566//15
f 567//68 570//68 566//68
f 566//68 570//68 569//68
f 458//68 524//68 456//68
f 456//73 524//73 526//73
f 456//69 526//69 528//69
f 549//68 504//68 458//68
f 458//70 504//70 506//70
f 458//69 506//69 508//69
f 548//68 568//68 549//68
f 549//68 568//68 558//68
f 549//68 558//68 550//68
f 550//68 558//68 551//68
f 551//68 558//68 571//68
f 571//68 558//68 572//68
f 572//68 558//68 557//68
f 572//68 557//68 573//68
f 573//68 557//68 574//68
f 574//68 557//68 561//68
f 574//68 561//68 575//68
f 548//68 576//68 568//68
f 568//68 576//68 577//68
f 568//68 577//68 564//68
f 564//68 577//68 578//68
f 564//68 578//68 579//68
f 564//68 579//68 580//68
f 580//68 579//68 581//68
f 580//68 581//68 582//68
f 580//68 565//68 564//68
f 583//68 584//68 575//68
f 575//68 584//68 585//68
f 575//68 585//68 574//68
f 573//68 586//68 572//68
f 456//68 540//68 550//68
f 550//69 540//69 542//69
f 550//73 542//73 472//73
f 472//68 474//68 550//68
f 550//68 474//68 476//68
f 550//74 476//74 478//74
f 478//73 480//73 550//73
f 550//68 480//68 482//68
f 550//68 482//68 484//68
f 484//68 486//68 550//68
f 550//486 486//486 488//486
f 550//68 488//68 549//68
f 549//69 488//69 490//69
f 549//73 490//73 492//73
f 492//68 494//68 549//68
f 549//74 494//74 496//74
f 549//70 496//70 498//70
f 498//69 500//69 549//69
f 549//70 500//70 502//70
f 549//68 502//68 504//68
f 508//68 510//68 458//68
f 458//68 510//68 512//68
f 458//70 512//70 514//70
f 514//68 516//68 458//68
f 458//68 516//68 518//68
f 458//74 518//74 520//74
f 520//68 522//68 458//68
f 458//75 522//75 524//75
f 528//68 530//68 456//68
f 456//70 530//70 532//70
f 456//74 532//74 534//74
f 534//73 536//73 456//73
f 456//68 536//68 538//68
f 456//68 538//68 540//68
f 570//15 567//15 587//15
f 587//15 567//15 588//15
f 560//14 558//14 563//14
f 563//14 558//14 568//14
f 563//14 568//14 570//14
f 570//14 568//14 569//14
f 587//14 589//14 570//14
f 570//14 589//14 563//14
f 590//68 591//68 592//68
f 592//68 591//68 593//68
f 592//68 593//68 587//68
f 587//68 593//68 589//68
f 589//68 593//68 594//68
f 594//68 593//68 595//68
f 587//68 588//68 592//68
f 592//68 588//68 596//68
f 597//2 547//2 598//2
f 598//2 547//2 599//2
f 598//2 599//2 600//2
f 601//2 602//2 597//2
f 597//2 602//2 603//2
f 597//2 603//2 547//2
f 601//2 604//2 602//2
f 546//2 605//2 547//2
f 547//2 605//2 599//2
f 606//2 607//2 600//2
f 600//2 607//2 598//2
f 591//14 590//14 598//14
f 598//14 590//14 597//14
f 574//14 585//14 606//14
f 606//14 585//14 607//14
f 584//79 591//79 585//79
f 585//79 591//79 607//79
f 607//79 591//79 598//79
f 584//17 583//17 591//17
f 591//17 583//17 593//17
f 583//16 575//16 593//16
f 593//16 575//16 595//16
f 561//80 562//80 575//80
f 575//80 562//80 595//80
f 595//80 562//80 594//80
f 562//17 563//17 594//17
f 594//17 563//17 589//17
f 608//487 609//487 610//487
f 610//487 609//487 611//487
f 610//487 611//487 612//487
f 612//487 611//487 613//487
f 612//487 613//487 614//487
f 615//487 616//487 608//487
f 608//487 616//487 617//487
f 608//487 617//487 609//487
f 618//487 619//487 615//487
f 615//487 619//487 620//487
f 615//487 620//487 616//487
f 618//487 621//487 619//487
f 619//487 621//487 622//487
f 619//487 622//487 623//487
f 623//487 624//487 619//487
f 619//487 624//487 625//487
f 619//487 625//487 626//487
f 626//487 627//487 619//487
f 619//487 627//487 628//487
f 619//487 628//487 629//487
f 629//487 630//487 619//487
f 619//487 630//487 631//487
f 619//487 631//487 632//487
f 632//487 633//487 619//487
f 619//487 633//487 634//487
f 634//487 633//487 635//487
f 634//487 635//487 636//487
f 636//487 637//487 634//487
f 634//487 637//487 638//487
f 638//487 637//487 639//487
f 638//487 639//487 640//487
f 639//487 637//487 641//487
f 641//487 637//487 642//487
f 641//487 642//487 643//487
f 643//487 642//487 644//487
f 643//487 644//487 645//487
f 643//487 645//487 646//487
f 646//487 645//487 647//487
f 646//487 647//487 648//487
f 648//487 647//487 649//487
f 648//487 649//487 650//487
f 650//487 649//487 651//487
f 650//487 651//487 652//487
f 652//487 651//487 653//487
f 652//487 653//487 654//487
f 654//487 653//487 655//487
f 655//487 653//487 656//487
f 655//487 656//487 657//487
f 657//487 656//487 658//487
f 658//487 656//487 659//487
f 658//487 659//487 660//487
f 660//487 659//487 661//487
f 660//487 661//487 662//487
f 662//487 661//487 663//487
f 663//487 661//487 664//487
f 663//487 664//487 665//487
f 665//487 664//487 666//487
f 666//487 664//487 667//487
f 666//487 667//487 668//487
f 668//487 667//487 669//487
f 668//487 669//487 670//487
f 653//487 651//487 671//487
f 671//487 651//487 672//487
f 671//487 672//487 673//487
f 671//487 673//487 674//487
f 674//487 673//487 675//487
f 674//487 675//487 676//487
f 674//487 676//487 677//487
f 677//487 676//487 678//487
f 677//487 678//487 679//487
f 679//487 678//487 680//487
f 679//487 680//487 681//487
f 679//487 681//487 682//487
f 682//487 681//487 683//487
f 682//487 683//487 684//487
f 682//487 684//487 614//487
f 614//487 684//487 612//487
f 668//487 670//487 685//487
f 685//487 670//487 686//487
f 685//487 686//487 687//487
f 687//487 686//487 688//487
f 687//487 688//487 689//487
f 640//487 690//487 638//487
f 638//487 690//487 691//487
f 638//487 691//487 692//487
f 692//487 691//487 693//487
f 692//487 693//487 694//487
f 694//487 695//487 692//487
f 692//487 695//487 696//487
f 692//487 696//487 697//487
f 697//487 698//487 692//487
f 692//487 698//487 699//487
f 692//487 699//487 700//487
f 700//487 701//487 692//487
f 692//487 701//487 702//487
f 692//487 702//487 703//487
f 703//487 704//487 692//487
f 692//487 704//487 705//487
f 692//487 705//487 706//487
f 687//487 689//487 706//487
f 706//487 689//487 707//487
f 706//487 707//487 692//487
f 692//487 707//487 708//487
f 692//487 708//487 709//487
f 710//487 711//487 619//487
f 619//487 711//487 620//487
f 712//488 713//488 714//488
f 714//488 713//488 715//488
f 714//488 715//488 716//488
f 717//488 718//488 712//488
f 712//488 718//488 719//488
f 712//488 719//488 720//488
f 721//488 722//488 717//488
f 717//488 722//488 723//488
f 717//488 723//488 724//488
f 725//488 726//488 724//488
f 724//488 726//488 727//488
f 724//488 727//488 717//488
f 717//488 727//488 728//488
f 717//488 728//488 729//488
f 725//488 730//488 726//488
f 726//488 730//488 731//488
f 731//488 730//488 732//488
f 731//488 732//488 733//488
f 733//488 734//488 731//488
f 731//488 734//488 735//488
f 735//488 734//488 736//488
f 735//488 736//488 737//488
f 737//488 736//488 738//488
f 737//488 738//488 739//488
f 739//488 738//488 740//488
f 739//488 740//488 741//488
f 741//488 740//488 742//488
f 742//488 740//488 743//488
f 742//488 743//488 744//488
f 744//488 743//488 745//488
f 745//488 743//488 746//488
f 745//488 746//488 747//488
f 747//488 746//488 748//488
f 748//488 746//488 749//488
f 748//488 749//488 750//488
f 750//488 749//488 751//488
f 750//488 751//488 752//488
f 752//488 751//488 753//488
f 752//488 753//488 754//488
f 754//488 753//488 755//488
f 754//488 755//488 756//488
f 756//488 755//488 757//488
f 756//488 757//488 758//488
f 758//488 757//488 759//488
f 758//488 759//488 760//488
f 760//488 759//488 761//488
f 760//488 761//488 762//488
f 762//488 761//488 763//488
f 762//488 763//488 764//488
f 764//488 763//488 713//488
f 764//488 713//488 712//488
f 746//488 765//488 749//488
f 749//488 765//488 766//488
f 766//488 765//488 767//488
f 767//488 765//488 768//488
f 767//488 768//488 769//488
f 769//488 768//488 770//488
f 770//488 768//488 771//488
f 770//488 771//488 772//488
f 772//488 771//488 773//488
f 773//488 771//488 774//488
f 773//488 774//488 775//488
f 775//488 774//488 776//488
f 775//488 776//488 777//488
f 777//488 776//488 778//488
f 777//488 778//488 779//488
f 779//488 778//488 780//488
f 779//488 780//488 781//488
f 781//488 782//488 779//488
f 779//488 782//488 783//488
f 783//488 782//488 784//488
f 783//488 784//488 785//488
f 786//488 787//488 785//488
f 785//488 787//488 788//488
f 785//488 788//488 783//488
f 786//488 789//488 787//488
f 787//488 789//488 790//488
f 714//488 791//488 787//488
f 787//488 791//488 792//488
f 787//488 792//488 793//488
f 716//488 794//488 714//488
f 714//488 794//488 795//488
f 714//488 795//488 796//488
f 796//488 791//488 714//488
f 793//488 797//488 787//488
f 787//488 797//488 798//488
f 787//488 798//488 799//488
f 799//488 800//488 787//488
f 787//488 800//488 801//488
f 787//488 801//488 802//488
f 802//488 803//488 787//488
f 787//488 803//488 804//488
f 787//488 804//488 788//488
f 729//488 805//488 717//488
f 717//488 805//488 806//488
f 717//488 806//488 807//488
f 807//488 808//488 717//488
f 717//488 808//488 809//488
f 717//488 809//488 810//488
f 810//488 811//488 717//488
f 717//488 811//488 812//488
f 717//488 812//488 718//488
f 720//488 813//488 712//488
f 712//488 813//488 814//488
f 712//488 814//488 815//488
f 815//488 764//488 712//488
f 692//489 709//489 717//489
f 717//489 709//489 721//489
f 638//490 692//490 816//490
f 816//490 692//490 712//490
f 816//490 712//490 817//490
f 817//490 712//490 818//490
f 818//490 712//490 819//490
f 819//490 712//490 820//490
f 820//490 712//490 821//490
f 821//490 712//490 822//490
f 822//490 712//490 823//490
f 692//490 717//490 712//490
f 787//491 619//491 714//491
f 714//491 619//491 634//491
f 714//491 634//491 824//491
f 824//491 825//491 714//491
f 714//491 825//491 826//491
f 714//491 826//491 827//491
f 710//492 619//492 790//492
f 790//492 619//492 787//492
f 721//493 709//493 722//493
f 722//493 709//493 708//493
f 722//494 708//494 723//494
f 723//494 708//494 707//494
f 723//495 707//495 724//495
f 724//495 707//495 689//495
f 724//496 689//496 725//496
f 725//496 689//496 688//496
f 725//497 688//497 730//497
f 730//497 688//497 686//497
f 730//498 686//498 732//498
f 732//498 686//498 670//498
f 732//499 670//499 733//499
f 733//499 670//499 669//499
f 733//500 669//500 734//500
f 734//500 669//500 667//500
f 734//501 667//501 736//501
f 736//501 667//501 664//501
f 736//502 664//502 738//502
f 738//502 664//502 661//502
f 738//503 661//503 740//503
f 740//503 661//503 659//503
f 740//504 659//504 743//504
f 743//504 659//504 656//504
f 743//505 656//505 746//505
f 746//505 656//505 653//505
f 746//44 653//44 765//44
f 765//44 653//44 671//44
f 765//506 671//506 768//506
f 768//506 671//506 674//506
f 768//507 674//507 771//507
f 771//507 674//507 677//507
f 771//508 677//508 774//508
f 774//508 677//508 679//508
f 774//509 679//509 776//509
f 776//509 679//509 682//509
f 776//510 682//510 778//510
f 778//510 682//510 614//510
f 778//511 614//511 780//511
f 780//511 614//511 613//511
f 780//512 613//512 781//512
f 781//512 613//512 611//512
f 781//513 611//513 782//513
f 782//513 611//513 609//513
f 782//514 609//514 784//514
f 784//514 609//514 617//514
f 784//515 617//515 785//515
f 785//515 617//515 616//515
f 785//516 616//516 786//516
f 786//516 616//516 620//516
f 786//517 620//517 789//517
f 789//517 620//517 711//517
f 789//518 711//518 790//518
f 790//518 711//518 710//518
f 783//519 608//519 779//519
f 779//520 608//520 610//520
f 779//521 610//521 777//521
f 777//521 610//521 612//521
f 777//522 612//522 775//522
f 775//522 612//522 684//522
f 775//523 684//523 773//523
f 773//523 684//523 683//523
f 773//524 683//524 772//524
f 772//524 683//524 681//524
f 772//525 681//525 770//525
f 770//525 681//525 680//525
f 770//526 680//526 769//526
f 769//526 680//526 678//526
f 769//527 678//527 767//527
f 767//527 678//527 676//527
f 767//528 676//528 766//528
f 766//528 676//528 675//528
f 766//529 675//529 749//529
f 749//529 675//529 673//529
f 749//530 673//530 751//530
f 751//530 673//530 672//530
f 751//531 672//531 753//531
f 753//531 672//531 651//531
f 753//532 651//532 755//532
f 755//532 651//532 649//532
f 755//533 649//533 757//533
f 757//534 649//534 647//534
f 757//535 647//535 759//535
f 759//535 647//535 645//535
f 759//536 645//536 761//536
f 761//536 645//536 644//536
f 761//537 644//537 763//537
f 763//537 644//537 642//537
f 763//538 642//538 713//538
f 713//538 642//538 637//538
f 713//539 637//539 715//539
f 715//539 637//539 636//539
f 715//540 636//540 716//540
f 716//541 636//541 635//541
f 716//542 635//542 794//542
f 794//542 635//542 633//542
f 794//543 633//543 795//543
f 795//543 633//543 632//543
f 795//544 632//544 796//544
f 796//544 632//544 631//544
f 796//545 631//545 791//545
f 791//545 631//545 630//545
f 791//546 630//546 792//546
f 792//546 630//546 629//546
f 792//547 629//547 793//547
f 793//547 629//547 628//547
f 793//548 628//548 797//548
f 797//548 628//548 627//548
f 797//549 627//549 798//549
f 798//549 627//549 626//549
f 798//550 626//550 799//550
f 799//550 626//550 625//550
f 799//551 625//551 800//551
f 800//551 625//551 624//551
f 800//552 624//552 801//552
f 801//552 624//552 623//552
f 801//553 623//553 802//553
f 802//553 623//553 622//553
f 802//554 622//554 803//554
f 803//554 622//554 621//554
f 803//555 621//555 804//555
f 804//555 621//555 618//555
f 804//556 618//556 788//556
f 788//556 618//556 615//556
f 788//557 615//557 783//557
f 783//557 615//557 608//557
f 735//519 668//519 731//519
f 731//520 668//520 685//520
f 731//521 685//521 726//521
f 726//521 685//521 687//521
f 726//522 687//522 727//522
f 727//522 687//522 706//522
f 727//523 706//523 728//523
f 728//523 706//523 705//523
f 728//524 705//524 729//524
f 729//524 705//524 704//524
f 729//525 704//525 805//525
f 805//525 704//525 703//525
f 805//526 703//526 806//526
f 806//526 703//526 702//526
f 806//527 702//527 807//527
f 807//527 702//527 701//527
f 807//528 701//528 808//528
f 808//528 701//528 700//528
f 808//529 700//529 809//529
f 809//529 700//529 699//529
f 809//530 699//530 810//530
f 810//530 699//530 698//530
f 810//531 698//531 811//531
f 811//531 698//531 697//531
f 811//532 697//532 812//532
f 812//532 697//532 696//532
f 812//533 696//533 718//533
f 718//534 696//534 695//534
f 718//535 695//535 719//535
f 719//535 695//535 694//535
f 719//536 694//536 720//536
f 720//536 694//536 693//536
f 720//537 693//537 813//537
f 813//537 693//537 691//537
f 813//538 691//538 814//538
f 814//538 691//538 690//538
f 814//539 690//539 815//539
f 815//539 690//539 640//539
f 815//540 640//540 764//540
f 764//541 640//541 639//541
f 764//542 639//542 762//542
f 762//542 639//542 641//542
f 762//543 641//543 760//543
f 760//543 641//543 643//543
f 760//544 643//544 758//544
f 758//544 643//544 646//544
f 758//558 646//558 756//558
f 756//558 646//558 648//558
f 756//559 648//559 754//559
f 754//560 648//560 650//560
f 754//547 650//547 752//547
f 752//547 650//547 652//547
f 752//548 652//548 750//548
f 750//548 652//548 654//548
f 750//549 654//549 748//549
f 748//549 654//549 655//549
f 748//550 655//550 747//550
f 747//550 655//550 657//550
f 747//551 657//551 745//551
f 745//551 657//551 658//551
f 745//552 658//552 744//552
f 744//552 658//552 660//552
f 744//561 660//561 742//561
f 742//561 660//561 662//561
f 742//562 662//562 741//562
f 741//562 662//562 663//562
f 741//555 663//555 739//555
f 739//555 663//555 665//555
f 739//556 665//556 737//556
f 737//556 665//556 666//556
f 737//557 666//557 735//557
f 735//557 666//557 668//557
f 600//563 828//563 606//563
f 606//564 828//564 829//564
f 606//565 829//565 830//565
f 830//566 829//566 828//566
f 830//567 828//567 831//567
f 831//568 828//568 832//568
f 831//569 832//569 833//569
f 833//570 832//570 834//570
f 833//571 834//571 835//571
f 835//572 834//572 836//572
f 835//573 836//573 837//573
f 837//574 836//574 838//574
f 837//575 838//575 839//575
f 839//576 838//576 840//576
f 839//577 840//577 841//577
f 841//578 840//578 546//578
f 841//579 546//579 842//579
f 599//580 834//580 600//580
f 600//581 834//581 832//581
f 600//582 832//582 828//582
f 605//583 838//583 599//583
f 599//584 838//584 836//584
f 599//585 836//585 834//585
f 838//586 605//586 840//586
f 840//578 605//578 546//578
f 843//587 844//587 842//587
f 842//588 844//588 845//588
f 842//588 845//588 846//588
f 846//589 845//589 847//589
f 846//590 847//590 848//590
f 848//591 847//591 849//591
f 848//592 849//592 850//592
f 850//593 849//593 851//593
f 850//594 851//594 852//594
f 852//595 851//595 853//595
f 852//596 853//596 854//596
f 854//597 853//597 855//597
f 854//598 855//598 856//598
f 856//599 855//599 857//599
f 856//600 857//600 858//600
f 858//601 857//601 859//601
f 858//602 859//602 860//602
f 860//603 859//603 606//603
f 860//604 606//604 830//604
f 861//605 862//605 843//605
f 843//606 862//606 863//606
f 843//606 863//606 844//606
f 844//607 863//607 864//607
f 844//608 864//608 865//608
f 865//609 864//609 866//609
f 865//610 866//610 867//610
f 867//611 866//611 868//611
f 867//612 868//612 869//612
f 869//613 868//613 870//613
f 869//614 870//614 871//614
f 871//615 870//615 872//615
f 871//616 872//616 873//616
f 873//617 872//617 874//617
f 873//618 874//618 875//618
f 875//619 874//619 859//619
f 875//620 859//620 857//620
f 862//621 861//621 876//621
f 876//622 861//622 877//622
f 876//623 877//623 878//623
f 878//624 877//624 879//624
f 878//625 879//625 880//625
f 880//626 879//626 881//626
f 880//627 881//627 882//627
f 882//628 881//628 883//628
f 882//629 883//629 884//629
f 884//630 883//630 885//630
f 884//631 885//631 886//631
f 886//632 885//632 887//632
f 886//633 887//633 888//633
f 888//634 887//634 889//634
f 888//635 889//635 890//635
f 890//636 889//636 819//636
f 890//637 819//637 891//637
f 891//638 819//638 820//638
f 891//639 820//639 892//639
f 892//640 820//640 893//640
f 892//641 893//641 894//641
f 894//642 893//642 895//642
f 894//643 895//643 896//643
f 896//644 895//644 897//644
f 897//645 895//645 898//645
f 898//646 895//646 899//646
f 899//647 895//647 900//647
f 900//648 895//648 893//648
f 900//649 893//649 901//649
f 901//639 893//639 820//639
f 901//650 820//650 821//650
f 877//651 902//651 879//651
f 879//652 902//652 903//652
f 879//653 903//653 881//653
f 881//627 903//627 904//627
f 881//654 904//654 883//654
f 883//629 904//629 905//629
f 883//655 905//655 885//655
f 885//631 905//631 906//631
f 885//656 906//656 887//656
f 887//633 906//633 907//633
f 887//657 907//657 889//657
f 889//658 907//658 818//658
f 889//659 818//659 819//659
f 903//652 902//652 908//652
f 908//660 902//660 909//660
f 908//661 909//661 910//661
f 910//662 909//662 911//662
f 910//663 911//663 912//663
f 912//664 911//664 913//664
f 912//665 913//665 914//665
f 914//666 913//666 638//666
f 914//667 638//667 816//667
f 914//668 816//668 915//668
f 915//669 816//669 817//669
f 915//670 817//670 916//670
f 916//670 817//670 917//670
f 916//671 917//671 918//671
f 918//656 917//656 906//656
f 918//672 906//672 905//672
f 817//673 818//673 917//673
f 917//658 818//658 907//658
f 917//674 907//674 906//674
f 822//675 919//675 821//675
f 821//676 919//676 920//676
f 821//677 920//677 901//677
f 901//678 920//678 921//678
f 901//679 921//679 922//679
f 823//680 923//680 822//680
f 822//681 923//681 924//681
f 822//682 924//682 919//682
f 919//683 925//683 920//683
f 920//684 925//684 926//684
f 920//685 926//685 921//685
f 922//686 927//686 901//686
f 901//687 927//687 900//687
f 894//688 896//688 928//688
f 928//689 896//689 929//689
f 928//690 929//690 930//690
f 930//691 931//691 928//691
f 928//692 931//692 932//692
f 928//693 932//693 933//693
f 933//694 932//694 934//694
f 933//695 934//695 935//695
f 935//696 934//696 936//696
f 935//697 936//697 937//697
f 937//698 936//698 938//698
f 937//699 938//699 939//699
f 939//700 938//700 940//700
f 939//701 940//701 941//701
f 941//702 940//702 942//702
f 941//703 942//703 943//703
f 943//704 942//704 944//704
f 943//705 944//705 945//705
f 945//706 944//706 864//706
f 945//609 864//609 863//609
f 932//707 946//707 934//707
f 934//708 946//708 947//708
f 934//709 947//709 948//709
f 948//710 949//710 934//710
f 934//711 949//711 950//711
f 934//712 950//712 936//712
f 936//713 950//713 951//713
f 936//714 951//714 952//714
f 952//715 951//715 953//715
f 952//716 953//716 954//716
f 954//717 955//717 952//717
f 952//718 955//718 956//718
f 952//719 956//719 957//719
f 957//720 956//720 958//720
f 957//721 958//721 959//721
f 959//722 958//722 960//722
f 959//723 960//723 961//723
f 961//724 960//724 870//724
f 961//615 870//615 868//615
f 956//725 962//725 958//725
f 958//726 962//726 963//726
f 958//727 963//727 960//727
f 960//723 963//723 872//723
f 960//617 872//617 870//617
f 963//728 962//728 874//728
f 874//729 962//729 859//729
f 842//588 846//588 964//588
f 964//730 846//730 848//730
f 964//731 848//731 965//731
f 965//590 848//590 850//590
f 965//732 850//732 966//732
f 966//592 850//592 852//592
f 966//733 852//733 967//733
f 967//594 852//594 854//594
f 967//734 854//734 968//734
f 968//596 854//596 856//596
f 968//735 856//735 969//735
f 969//598 856//598 858//598
f 969//736 858//736 860//736
f 844//737 865//737 845//737
f 845//591 865//591 847//591
f 865//738 867//738 847//738
f 847//739 867//739 849//739
f 867//610 869//610 849//610
f 849//595 869//595 851//595
f 869//612 871//612 851//612
f 851//597 871//597 853//597
f 875//740 857//740 855//740
f 871//614 873//614 853//614
f 853//599 873//599 855//599
f 873//616 875//616 855//616
f 842//588 964//588 841//588
f 841//741 964//741 965//741
f 841//575 965//575 839//575
f 839//731 965//731 966//731
f 839//573 966//573 837//573
f 837//732 966//732 967//732
f 837//571 967//571 835//571
f 835//733 967//733 968//733
f 835//569 968//569 833//569
f 833//734 968//734 969//734
f 833//742 969//742 831//742
f 831//735 969//735 860//735
f 831//743 860//743 830//743
f 864//611 944//611 866//611
f 866//705 944//705 970//705
f 866//613 970//613 868//613
f 868//744 970//744 961//744
f 963//745 874//745 872//745
f 876//746 971//746 862//746
f 862//706 971//706 945//706
f 862//747 945//747 863//747
f 945//748 971//748 943//748
f 943//704 971//704 972//704
f 943//749 972//749 941//749
f 941//702 972//702 973//702
f 941//750 973//750 939//750
f 939//751 973//751 974//751
f 939//752 974//752 937//752
f 937//753 974//753 975//753
f 937//754 975//754 935//754
f 935//755 975//755 976//755
f 935//756 976//756 933//756
f 933//757 976//757 977//757
f 933//758 977//758 894//758
f 894//759 977//759 892//759
f 971//748 876//748 978//748
f 978//760 876//760 878//760
f 978//761 878//761 880//761
f 970//744 944//744 942//744
f 961//724 970//724 979//724
f 979//762 970//762 942//762
f 979//763 942//763 940//763
f 961//763 979//763 959//763
f 959//722 979//722 980//722
f 959//764 980//764 957//764
f 957//765 980//765 952//765
f 980//701 979//701 940//701
f 880//766 981//766 978//766
f 978//749 981//749 972//749
f 978//761 972//761 971//761
f 972//767 981//767 973//767
f 973//750 981//750 982//750
f 973//768 982//768 974//768
f 974//752 982//752 983//752
f 974//769 983//769 975//769
f 975//754 983//754 984//754
f 975//770 984//770 976//770
f 976//756 984//756 985//756
f 976//771 985//771 977//771
f 977//758 985//758 891//758
f 977//772 891//772 892//772
f 982//628 981//628 882//628
f 882//767 981//767 880//767
f 980//773 940//773 938//773
f 936//774 952//774 938//774
f 938//699 952//699 980//699
f 903//775 908//775 904//775
f 904//654 908//654 986//654
f 904//776 986//776 905//776
f 905//655 986//655 918//655
f 982//768 882//768 884//768
f 982//630 884//630 983//630
f 983//769 884//769 886//769
f 983//632 886//632 984//632
f 984//770 886//770 888//770
f 984//634 888//634 985//634
f 985//771 888//771 890//771
f 985//777 890//777 891//777
f 908//778 910//778 986//778
f 986//779 910//779 987//779
f 986//780 987//780 918//780
f 918//672 987//672 916//672
f 894//781 928//781 933//781
f 910//782 912//782 987//782
f 987//780 912//780 915//780
f 987//783 915//783 916//783
f 914//784 915//784 912//784
f 574//78 859//78 573//78
f 573//78 859//78 962//78
f 573//78 962//78 956//78
f 574//78 606//78 859//78
f 586//77 573//77 988//77
f 988//785 573//785 989//785
f 989//77 573//77 990//77
f 990//77 573//77 956//77
f 990//77 956//77 991//77
f 991//77 956//77 992//77
f 992//77 956//77 993//77
f 993//77 956//77 994//77
f 994//77 956//77 897//77
f 994//77 897//77 995//77
f 995//77 897//77 996//77
f 996//77 897//77 997//77
f 997//77 897//77 998//77
f 998//77 897//77 999//77
f 999//77 897//77 1000//77
f 1000//77 897//77 1001//77
f 1001//77 897//77 1002//77
f 1002//77 897//77 1003//77
f 1003//77 897//77 1004//77
f 1004//77 897//77 1005//77
f 1005//77 897//77 1006//77
f 1006//77 897//77 1007//77
f 1007//77 897//77 1008//77
f 1008//77 897//77 827//77
f 1008//786 827//786 1009//786
f 1009//77 827//77 1010//77
f 1010//787 827//787 1011//787
f 1011//788 827//788 1012//788
f 1012//786 827//786 1013//786
f 1013//77 827//77 1014//77
f 955//789 954//789 956//789
f 956//790 954//790 953//790
f 956//791 953//791 951//791
f 951//792 950//792 956//792
f 956//793 950//793 949//793
f 956//794 949//794 948//794
f 948//795 947//795 956//795
f 956//796 947//796 946//796
f 956//797 946//797 932//797
f 932//798 931//798 956//798
f 956//799 931//799 930//799
f 956//800 930//800 929//800
f 929//801 896//801 956//801
f 956//802 896//802 897//802
f 897//77 898//77 827//77
f 827//77 898//77 899//77
f 827//77 899//77 900//77
f 900//77 927//77 827//77
f 827//77 927//77 922//77
f 827//77 922//77 921//77
f 921//77 926//77 827//77
f 827//77 926//77 925//77
f 827//77 925//77 919//77
f 827//77 919//77 823//77
f 823//785 919//785 924//785
f 823//803 924//803 923//803
f 712//77 714//77 823//77
f 823//77 714//77 827//77
f 565//440 580//440 567//440
f 567//440 580//440 596//440
f 567//440 596//440 588//440
f 580//16 582//16 596//16
f 596//16 582//16 592//16
f 582//15 581//15 592//15
f 592//15 581//15 590//15
f 581//439 579//439 590//439
f 590//439 579//439 601//439
f 590//439 601//439 597//439
f 579//14 578//14 601//14
f 601//14 578//14 604//14
f 578//438 577//438 604//438
f 604//438 577//438 602//438
f 577//17 576//17 602//17
f 602//17 576//17 603//17
f 576//437 548//437 603//437
f 603//437 548//437 547//437
f 571//435 861//435 551//435
f 551//435 861//435 843//435
f 551//435 843//435 842//435
f 861//435 571//435 877//435
f 877//435 571//435 1015//435
f 877//435 1015//435 902//435
f 902//435 1015//435 1016//435
f 902//435 1016//435 909//435
f 909//435 1016//435 1017//435
f 909//435 1017//435 911//435
f 911//435 1017//435 1018//435
f 911//435 1018//435 913//435
f 913//435 1018//435 634//435
f 913//435 634//435 638//435
f 842//435 546//435 551//435
f 572//804 1019//804 571//804
f 571//805 1019//805 1020//805
f 571//805 1020//805 1021//805
f 1021//806 1020//806 1022//806
f 1021//807 1022//807 571//807
f 571//808 1022//808 1015//808
f 1015//809 1022//809 1023//809
f 1015//810 1023//810 1024//810
f 1024//811 1023//811 1025//811
f 1024//812 1025//812 1026//812
f 1026//813 1025//813 1027//813
f 1026//814 1027//814 1028//814
f 1028//815 1027//815 1029//815
f 1028//816 1029//816 1030//816
f 1030//817 1029//817 1031//817
f 1030//818 1031//818 1032//818
f 1032//819 1031//819 1033//819
f 1032//820 1033//820 1034//820
f 1034//821 1033//821 1035//821
f 1034//822 1035//822 1036//822
f 1036//823 1035//823 1037//823
f 1036//824 1037//824 1038//824
f 1038//825 1037//825 1039//825
f 1038//826 1039//826 1040//826
f 1040//827 1039//827 1041//827
f 1040//828 1041//828 1042//828
f 1042//829 1041//829 990//829
f 1042//830 990//830 1043//830
f 1043//831 990//831 991//831
f 1043//832 991//832 1044//832
f 1044//833 991//833 992//833
f 1044//834 992//834 993//834
f 586//835 1045//835 572//835
f 572//836 1045//836 1046//836
f 572//837 1046//837 1047//837
f 1047//838 1046//838 1048//838
f 1047//839 1048//839 1049//839
f 1049//840 1048//840 1033//840
f 1049//841 1033//841 1031//841
f 1045//842 586//842 1050//842
f 1050//843 586//843 988//843
f 1050//844 988//844 1051//844
f 1051//845 988//845 989//845
f 1051//846 989//846 1041//846
f 1041//847 989//847 990//847
f 1044//848 993//848 1052//848
f 1052//849 993//849 994//849
f 1052//850 994//850 1053//850
f 1053//851 994//851 995//851
f 1053//852 995//852 1054//852
f 1054//853 995//853 1055//853
f 1054//854 1055//854 1056//854
f 1056//855 1055//855 1057//855
f 1056//856 1057//856 1058//856
f 1058//857 1057//857 1059//857
f 1058//858 1059//858 1060//858
f 1060//859 1059//859 1061//859
f 1060//860 1061//860 1062//860
f 1062//861 1061//861 1063//861
f 1062//862 1063//862 1064//862
f 1064//863 1063//863 1065//863
f 1064//864 1065//864 1066//864
f 1066//865 1065//865 1067//865
f 1066//866 1067//866 1068//866
f 1068//867 1067//867 1069//867
f 1068//868 1069//868 1070//868
f 1070//869 1069//869 1071//869
f 1070//870 1071//870 825//870
f 825//871 1071//871 1072//871
f 825//872 1072//872 826//872
f 826//873 1072//873 1073//873
f 826//873 1073//873 1074//873
f 1074//874 1073//874 1075//874
f 1074//875 1075//875 1012//875
f 1012//876 1075//876 1011//876
f 1011//877 1075//877 1010//877
f 1010//878 1075//878 1009//878
f 1009//879 1075//879 1076//879
f 1009//880 1076//880 1077//880
f 1077//881 1076//881 1078//881
f 1077//882 1078//882 1079//882
f 1079//883 1078//883 1069//883
f 1079//884 1069//884 1067//884
f 995//885 996//885 1055//885
f 1055//886 996//886 1057//886
f 996//887 997//887 1057//887
f 1057//888 997//888 998//888
f 1057//889 998//889 1059//889
f 1059//890 998//890 999//890
f 1059//891 999//891 1080//891
f 1080//892 999//892 1000//892
f 1080//893 1000//893 1081//893
f 1081//894 1000//894 1001//894
f 1081//895 1001//895 1002//895
f 1081//896 1002//896 1082//896
f 1082//897 1002//897 1003//897
f 1082//898 1003//898 1004//898
f 1082//899 1004//899 1083//899
f 1083//900 1004//900 1005//900
f 1083//901 1005//901 1084//901
f 1084//902 1005//902 1006//902
f 1084//903 1006//903 1077//903
f 1077//904 1006//904 1007//904
f 1077//905 1007//905 1008//905
f 1008//906 1009//906 1077//906
f 1012//907 1013//907 1074//907
f 1074//908 1013//908 1014//908
f 1074//909 1014//909 826//909
f 826//910 1014//910 827//910
f 824//911 1085//911 825//911
f 825//870 1085//870 1086//870
f 825//871 1086//871 1070//871
f 1070//912 1086//912 1068//912
f 634//913 1087//913 824//913
f 824//914 1087//914 1088//914
f 824//915 1088//915 1089//915
f 1089//916 1088//916 1090//916
f 1089//917 1090//917 1091//917
f 1091//918 1090//918 1092//918
f 1091//919 1092//919 1093//919
f 1093//920 1092//920 1094//920
f 1093//921 1094//921 1095//921
f 1095//922 1094//922 1096//922
f 1095//923 1096//923 1097//923
f 1097//924 1096//924 1098//924
f 1097//925 1098//925 1099//925
f 1099//926 1098//926 1100//926
f 1099//927 1100//927 1058//927
f 1058//928 1100//928 1056//928
f 1018//929 1101//929 634//929
f 634//929 1101//929 1102//929
f 634//930 1102//930 1087//930
f 1087//931 1102//931 1103//931
f 1087//932 1103//932 1104//932
f 1104//933 1103//933 1105//933
f 1104//934 1105//934 1106//934
f 1106//935 1105//935 1107//935
f 1106//936 1107//936 1108//936
f 1108//937 1107//937 1109//937
f 1108//938 1109//938 1110//938
f 1110//939 1109//939 1111//939
f 1110//940 1111//940 1112//940
f 1112//941 1111//941 1113//941
f 1112//942 1113//942 1114//942
f 1114//943 1113//943 1115//943
f 1114//944 1115//944 1116//944
f 1116//945 1115//945 1117//945
f 1116//946 1117//946 1054//946
f 1054//854 1117//854 1053//854
f 1017//947 1118//947 1018//947
f 1018//948 1118//948 1119//948
f 1018//948 1119//948 1101//948
f 1101//948 1119//948 1120//948
f 1101//949 1120//949 1102//949
f 1102//950 1120//950 1103//950
f 1016//951 1121//951 1017//951
f 1017//952 1121//952 1122//952
f 1017//952 1122//952 1123//952
f 1123//953 1122//953 1124//953
f 1123//954 1124//954 1125//954
f 1125//955 1124//955 1126//955
f 1125//956 1126//956 1127//956
f 1127//957 1126//957 1128//957
f 1127//958 1128//958 1129//958
f 1129//959 1128//959 1130//959
f 1129//960 1130//960 1107//960
f 1107//961 1130//961 1109//961
f 1015//962 1131//962 1016//962
f 1016//963 1131//963 1132//963
f 1016//963 1132//963 1133//963
f 1133//964 1132//964 1134//964
f 1133//965 1134//965 1135//965
f 1135//966 1134//966 1136//966
f 1135//967 1136//967 1137//967
f 1137//968 1136//968 1138//968
f 1137//969 1138//969 1139//969
f 1139//970 1138//970 1140//970
f 1139//971 1140//971 1141//971
f 1141//972 1140//972 1142//972
f 1141//973 1142//973 1143//973
f 1143//974 1142//974 1144//974
f 1143//975 1144//975 1145//975
f 1145//976 1144//976 1146//976
f 1145//977 1146//977 1147//977
f 1147//978 1146//978 1148//978
f 1147//979 1148//979 1115//979
f 1115//980 1148//980 1117//980
f 1015//810 1024//810 1149//810
f 1149//981 1024//981 1026//981
f 1149//982 1026//982 1150//982
f 1150//812 1026//812 1028//812
f 1150//983 1028//983 1151//983
f 1151//814 1028//814 1030//814
f 1151//984 1030//984 1152//984
f 1152//816 1030//816 1032//816
f 1152//985 1032//985 1153//985
f 1153//818 1032//818 1034//818
f 1153//986 1034//986 1154//986
f 1154//987 1034//987 1036//987
f 1154//988 1036//988 1155//988
f 1155//989 1036//989 1038//989
f 1155//990 1038//990 1156//990
f 1156//824 1038//824 1040//824
f 1156//991 1040//991 1157//991
f 1157//992 1040//992 1042//992
f 1157//993 1042//993 1158//993
f 1158//994 1042//994 1043//994
f 1158//995 1043//995 1044//995
f 1015//809 1149//809 1159//809
f 1159//996 1149//996 1150//996
f 1159//997 1150//997 1160//997
f 1160//982 1150//982 1151//982
f 1160//998 1151//998 1161//998
f 1161//983 1151//983 1152//983
f 1161//999 1152//999 1162//999
f 1162//1000 1152//1000 1153//1000
f 1162//1001 1153//1001 1163//1001
f 1163//985 1153//985 1154//985
f 1163//1002 1154//1002 1164//1002
f 1164//1003 1154//1003 1155//1003
f 1164//1004 1155//1004 1165//1004
f 1165//1005 1155//1005 1156//1005
f 1165//1006 1156//1006 1166//1006
f 1166//1007 1156//1007 1157//1007
f 1166//1008 1157//1008 1167//1008
f 1167//1009 1157//1009 1158//1009
f 1167//1010 1158//1010 1168//1010
f 1168//993 1158//993 1044//993
f 1168//848 1044//848 1052//848
f 1016//963 1133//963 1169//963
f 1169//963 1133//963 1135//963
f 1169//1011 1135//1011 1170//1011
f 1170//1012 1135//1012 1137//1012
f 1170//1013 1137//1013 1171//1013
f 1171//1014 1137//1014 1139//1014
f 1171//1015 1139//1015 1172//1015
f 1172//1016 1139//1016 1141//1016
f 1172//1017 1141//1017 1173//1017
f 1173//971 1141//971 1143//971
f 1173//1018 1143//1018 1174//1018
f 1174//973 1143//973 1145//973
f 1174//1019 1145//1019 1175//1019
f 1175//975 1145//975 1147//975
f 1175//942 1147//942 1113//942
f 1113//977 1147//977 1115//977
f 1016//1020 1169//1020 1121//1020
f 1121//1021 1169//1021 1170//1021
f 1121//1022 1170//1022 1176//1022
f 1176//1011 1170//1011 1171//1011
f 1176//1023 1171//1023 1177//1023
f 1177//1024 1171//1024 1172//1024
f 1177//1025 1172//1025 1178//1025
f 1178//1015 1172//1015 1173//1015
f 1178//1026 1173//1026 1179//1026
f 1179//1027 1173//1027 1174//1027
f 1179//1028 1174//1028 1180//1028
f 1180//1029 1174//1029 1175//1029
f 1180//940 1175//940 1111//940
f 1111//1030 1175//1030 1113//1030
f 1017//952 1123//952 1118//952
f 1118//1031 1123//1031 1125//1031
f 1118//1032 1125//1032 1181//1032
f 1181//1033 1125//1033 1127//1033
f 1181//1034 1127//1034 1182//1034
f 1182//956 1127//956 1129//956
f 1182//1035 1129//1035 1105//1035
f 1105//958 1129//958 1107//958
f 1045//1036 1050//1036 1183//1036
f 1183//1037 1050//1037 1051//1037
f 1183//1038 1051//1038 1039//1038
f 1039//1039 1051//1039 1041//1039
f 1046//1040 1045//1040 1184//1040
f 1184//1038 1045//1038 1183//1038
f 1184//1041 1183//1041 1037//1041
f 1037//827 1183//827 1039//827
f 1047//837 1185//837 572//837
f 572//837 1185//837 1186//837
f 572//837 1186//837 1187//837
f 1187//1042 1186//1042 1188//1042
f 1187//1043 1188//1043 1189//1043
f 1189//1044 1188//1044 1027//1044
f 1189//815 1027//815 1025//815
f 1047//1045 1049//1045 1185//1045
f 1185//840 1049//840 1190//840
f 1185//1046 1190//1046 1186//1046
f 1186//1047 1190//1047 1188//1047
f 1019//836 572//836 1187//836
f 1187//1048 1189//1048 1019//1048
f 1019//1044 1189//1044 1191//1044
f 1019//1049 1191//1049 1020//1049
f 1020//1050 1191//1050 1022//1050
f 1046//1051 1184//1051 1048//1051
f 1048//839 1184//839 1035//839
f 1048//823 1035//823 1033//823
f 1035//1052 1184//1052 1037//1052
f 1049//1053 1031//1053 1190//1053
f 1190//1054 1031//1054 1029//1054
f 1190//1043 1029//1043 1188//1043
f 1188//1055 1029//1055 1027//1055
f 1023//1056 1022//1056 1191//1056
f 1023//813 1191//813 1025//813
f 1025//1057 1191//1057 1189//1057
f 1015//809 1159//809 1131//809
f 1131//1058 1159//1058 1160//1058
f 1131//1059 1160//1059 1192//1059
f 1192//1060 1160//1060 1161//1060
f 1192//1061 1161//1061 1193//1061
f 1193//998 1161//998 1162//998
f 1193//1062 1162//1062 1194//1062
f 1194//1063 1162//1063 1163//1063
f 1194//1064 1163//1064 1195//1064
f 1195//1001 1163//1001 1164//1001
f 1195//1065 1164//1065 1196//1065
f 1196//1066 1164//1066 1165//1066
f 1196//1067 1165//1067 1197//1067
f 1197//1068 1165//1068 1166//1068
f 1197//1069 1166//1069 1198//1069
f 1198//1070 1166//1070 1167//1070
f 1198//1071 1167//1071 1199//1071
f 1199//1072 1167//1072 1168//1072
f 1199//1073 1168//1073 1200//1073
f 1200//1074 1168//1074 1052//1074
f 1200//1075 1052//1075 1053//1075
f 1200//1076 1053//1076 1117//1076
f 1116//856 1054//856 1056//856
f 1199//1077 1200//1077 1148//1077
f 1148//946 1200//946 1117//946
f 1198//1078 1199//1078 1146//1078
f 1146//980 1199//980 1148//980
f 1197//1079 1198//1079 1144//1079
f 1144//978 1198//978 1146//978
f 1196//1080 1197//1080 1142//1080
f 1142//1081 1197//1081 1144//1081
f 1195//1064 1196//1064 1140//1064
f 1140//974 1196//974 1142//974
f 1194//1062 1195//1062 1138//1062
f 1138//1082 1195//1082 1140//1082
f 1193//1061 1194//1061 1136//1061
f 1136//970 1194//970 1138//970
f 1192//1059 1193//1059 1134//1059
f 1134//1083 1193//1083 1136//1083
f 1131//1084 1192//1084 1132//1084
f 1132//966 1192//966 1134//966
f 1114//927 1116//927 1100//927
f 1100//945 1116//945 1056//945
f 1061//857 1059//857 1080//857
f 1099//1085 1058//1085 1060//1085
f 1112//925 1114//925 1098//925
f 1098//943 1114//943 1100//943
f 1063//1086 1061//1086 1081//1086
f 1081//1087 1061//1087 1080//1087
f 1099//926 1060//926 1201//926
f 1201//1088 1060//1088 1062//1088
f 1201//1089 1062//1089 1202//1089
f 1202//864 1062//864 1064//864
f 1202//1090 1064//1090 1203//1090
f 1203//866 1064//866 1066//866
f 1203//1091 1066//1091 1204//1091
f 1204//868 1066//868 1068//868
f 1204//1092 1068//1092 1086//1092
f 1110//1093 1112//1093 1096//1093
f 1096//941 1112//941 1098//941
f 1111//1028 1109//1028 1180//1028
f 1180//1094 1109//1094 1130//1094
f 1180//1026 1130//1026 1179//1026
f 1179//961 1130//961 1128//961
f 1179//1025 1128//1025 1178//1025
f 1178//1095 1128//1095 1126//1095
f 1178//1096 1126//1096 1177//1096
f 1177//957 1126//957 1124//957
f 1177//1022 1124//1022 1176//1022
f 1176//955 1124//955 1122//955
f 1176//1097 1122//1097 1121//1097
f 1065//861 1063//861 1082//861
f 1082//1098 1063//1098 1081//1098
f 1099//1089 1201//1089 1097//1089
f 1097//924 1201//924 1205//924
f 1097//1099 1205//1099 1095//1099
f 1095//1100 1205//1100 1206//1100
f 1095//1101 1206//1101 1093//1101
f 1093//920 1206//920 1207//920
f 1093//1102 1207//1102 1091//1102
f 1091//918 1207//918 1208//918
f 1091//1103 1208//1103 1089//1103
f 1089//914 1208//914 824//914
f 1205//1104 1201//1104 1202//1104
f 1108//921 1110//921 1094//921
f 1094//939 1110//939 1096//939
f 1067//863 1065//863 1083//863
f 1083//1105 1065//1105 1082//1105
f 1077//1106 1079//1106 1084//1106
f 1084//1105 1079//1105 1083//1105
f 1079//882 1067//882 1083//882
f 1205//1107 1202//1107 1209//1107
f 1209//1091 1202//1091 1203//1091
f 1209//1108 1203//1108 1210//1108
f 1210//1092 1203//1092 1204//1092
f 1210//1109 1204//1109 1085//1109
f 1085//1110 1204//1110 1086//1110
f 1106//1111 1108//1111 1092//1111
f 1092//1112 1108//1112 1094//1112
f 1205//1108 1209//1108 1206//1108
f 1206//1113 1209//1113 1211//1113
f 1206//1114 1211//1114 1207//1114
f 1207//1102 1211//1102 1212//1102
f 1207//1115 1212//1115 1208//1115
f 1208//914 1212//914 824//914
f 1211//1109 1209//1109 1210//1109
f 1104//1116 1106//1116 1090//1116
f 1090//1117 1106//1117 1092//1117
f 1105//1118 1103//1118 1182//1118
f 1182//1119 1103//1119 1120//1119
f 1182//1032 1120//1032 1181//1032
f 1181//1120 1120//1120 1119//1120
f 1181//1121 1119//1121 1118//1121
f 1075//1122 1073//1122 1076//1122
f 1076//1123 1073//1123 1072//1123
f 1076//883 1072//883 1078//883
f 1078//1124 1072//1124 1071//1124
f 1078//867 1071//867 1069//867
f 1211//1125 1210//1125 1213//1125
f 1213//1126 1210//1126 1085//1126
f 1213//914 1085//914 824//914
f 1087//1127 1104//1127 1088//1127
f 1088//1128 1104//1128 1090//1128
f 824//1129 1212//1129 1213//1129
f 1213//1130 1212//1130 1211//1130
